Proveedor,RUC_PROVEEDOR,División,Departamento,Fecha Proceso,Documento (OC - GR),Marca,Tipo Producto,Tipo Marca,Sucursal Destino,MH,Tarifas S/. CROSS,Tarifas S/. PICK,Tarifas S/. DEV,Unidades CROSS,Unidades PICK,Unidades DEV,Stock S/. CROSS,Stock S/. PICK,Stock S/. DEV,Costo Log S/. CROSS,Costo Log S/. PICK,Costo Log S/. DEV
LG ELECTRONICS PERU S.A.,2037575534,ELECTROHOGAR,LINEA BLANCA,21/12/2021,2471687,LG,BT - OTROS,TERCERAS,CD ALDEA6,BT,0.00,42.03,,,207,,,466282.71,,,8700.01,
LG ELECTRONICS PERU S.A.,2037575534,ELECTROHOGAR,LINEA BLANCA,23/12/2021,2460521,LG,BT - OTROS,TERCERAS,CD ALDEA6,BT,0.00,42.70,,,1,,,2288.75,,,42.70,
LG ELECTRONICS PERU S.A.,2037575534,ELECTROHOGAR,LINEA BLANCA,23/12/2021,2455625,LG,BT - OTROS,TERCERAS,CD ALDEA6,BT,0.00,20.30,,,15,,,16321.05,,,304.52,
LG ELECTRONICS PERU S.A.,2037575534,ELECTROHOGAR,LINEA BLANCA,23/12/2021,2465292,LG,BT - OTROS,TERCERAS,CD ALDEA6,BT,0.00,29.37,,,24,,,37777.4,,,704.86,
LG ELECTRONICS PERU S.A.,2037575534,ELECTROHOGAR,LINEA BLANCA,24/12/2021,2465292,LG,BT - OTROS,TERCERAS,CD ALDEA6,BT,0.00,23.84,,,43,,,54938.1,,,1025.05,
LG ELECTRONICS PERU S.A.,2037575534,ELECTROHOGAR,LINEA BLANCA,24/12/2021,2471687,LG,BT - OTROS,TERCERAS,CD ALDEA6,BT,0.00,51.75,,,10,,,27734.9,,,517.48,
LG ELECTRONICS PERU S.A.,2037575534,ELECTROHOGAR,LINEA BLANCA,24/12/2021,2475969,LG,BT - OTROS,TERCERAS,CD ALDEA6,BT,0.00,21.83,,,28,,,32762.8,,,611.30,
LG ELECTRONICS PERU S.A.,2037575534,ELECTROHOGAR,LINEA BLANCA,29/12/2021,2465292,LG,BT - OTROS,TERCERAS,CD ALDEA6,BT,0.00,49.58,,,82,,,217875.79,,,4065.18,
LG ELECTRONICS PERU S.A.,2037575534,ELECTROHOGAR,LINEA BLANCA,29/12/2021,2467593,LG,BT - OTROS,TERCERAS,CD ALDEA6,BT,0.00,71.05,,,3,,,11423.28,,,213.14,
LG ELECTRONICS PERU S.A.,2037575534,ELECTROHOGAR,LINEA BLANCA,29/12/2021,2471687,LG,BT - OTROS,TERCERAS,CD ALDEA6,BT,0.00,56.00,,,50,,,150055.74,,,2799.78,
LG ELECTRONICS PERU S.A.,2037575534,ELECTROHOGAR,LINEA BLANCA,29/12/2021,2475969,LG,BT - OTROS,TERCERAS,CD ALDEA6,BT,0.00,42.70,,,12,,,27465,,,512.45,
LG ELECTRONICS PERU S.A.,2037575534,ELECTROHOGAR,LINEA BLANCA,28/12/2021,2465292,LG,BT - OTROS,TERCERAS,CD ALDEA6,BT,0.00,78.84,,,5,,,21127.25,,,394.20,
LG ELECTRONICS PERU S.A.,2037575534,ELECTROHOGAR,LINEA BLANCA,28/12/2021,2471687,LG,BT - OTROS,TERCERAS,CD ALDEA6,BT,0.00,77.12,,,30,,,124000.85,,,2313.64,
LG ELECTRONICS PERU S.A.,2037575534,ELECTROHOGAR,LINEA BLANCA,28/12/2021,2475969,LG,BT - OTROS,TERCERAS,CD ALDEA6,BT,0.00,53.19,,,68,,,193851.15,,,3616.92,
LG ELECTRONICS PERU S.A.,2037575534,ELECTROHOGAR,TV-VIDEO,28/12/2021,2474805,LG,BT - OTROS,TERCERAS,CD ALDEA6,BT,0.00,12.21,,,240,,,523955.78,,,2929.43,
LG ELECTRONICS PERU S.A.,2037575534,ELECTROHOGAR,AUDIO,22/12/2021,2475962,LG,SBN,TERCERAS,CD Villa El Salvador,SBN,0.00,5.63,,,69,,,69534.75,,,388.77,
LG ELECTRONICS PERU S.A.,2037575534,ELECTROHOGAR,AUDIO,23/12/2021,2475962,LG,BT - OTROS,TERCERAS,CD Villa El Salvador,BT,0.00,4.80,,,65,,,55779.55,,,311.86,
LG ELECTRONICS PERU S.A.,2037575534,ELECTROHOGAR,ELECTRONICA MENOR,23/12/2021,2476815,LG,J&C,TERCERAS,CD Villa El Salvador,J&C,2.06,0.00,,10,,,4146.6,,,20.63,,
ADIDAS PERU S.A.C,2034710031,DEPORTES,TEXTIL TERCEROS DEPORTES,21/12/2021,2475655,REEBOK,PQ,TERCERAS,CD Villa El Salvador,SB,0.00,0.17,,,55,,,1226.9,,,9.54,
ADIDAS PERU S.A.C,2034710031,DEPORTES,TEXTIL TERCEROS DEPORTES,21/12/2021,2475655,REEBOK,PQ,TERCERAS,CD Villa El Salvador,FLT,0.00,0.17,,,30,,,1091.35,,,5.20,
ADIDAS PERU S.A.C,2034710031,DEPORTES,TEXTIL TERCEROS DEPORTES,21/12/2021,2475654,REEBOK,FLT,TERCERAS,CD Villa El Salvador,FLT,0.22,0.00,,804,,,28197.52,,,179.81,,
ADIDAS PERU S.A.C,2034710031,DEPORTES,TEXTIL TERCEROS DEPORTES,21/12/2021,2475656,REEBOK,PQ,TERCERAS,CD Villa El Salvador,SB,0.17,0.00,,985,,,23674.7,,,170.80,,
ADIDAS PERU S.A.C,2034710031,DEPORTES,TEXTIL TERCEROS DEPORTES,21/12/2021,2475656,REEBOK,PQ,TERCERAS,CD Villa El Salvador,FLT,0.17,0.00,,480,,,13602.65,,,83.23,,
ADIDAS PERU S.A.C,2034710031,DEPORTES,TEXTIL TERCEROS DEPORTES,21/12/2021,2475055,ADIDAS,PQ,TERCERAS,CD Villa El Salvador,SB,0.17,0.00,,1376,,,51650.62,,,238.60,,
ADIDAS PERU S.A.C,2034710031,DEPORTES,TEXTIL TERCEROS DEPORTES,21/12/2021,2475055,ADIDAS,PQ,TERCERAS,CD Villa El Salvador,FLT,0.17,0.00,,965,,,32037.55,,,167.33,,
ADIDAS PERU S.A.C,2034710031,DEPORTES,TEXTIL TERCEROS DEPORTES,21/12/2021,2475653,REEBOK,FLT,TERCERAS,CD Villa El Salvador,FLT,0.00,0.93,,,43,,,2555.2,,,39.91,
ADIDAS PERU S.A.C,2034710031,DEPORTES,TEXTIL TERCEROS DEPORTES,22/12/2021,2477885,ADIDAS,FLT,TERCERAS,CD Villa El Salvador,FLT,0.22,0.00,,1623,,,111730.14,,,362.97,,
ADIDAS PERU S.A.C,2034710031,DEPORTES,TEXTIL TERCEROS DEPORTES,22/12/2021,2477899,ADIDAS,FLT,TERCERAS,CD Villa El Salvador,FLT,0.00,0.93,,,166,,,7262,,,154.07,
ADIDAS PERU S.A.C,2034710031,DEPORTES,TEXTIL TERCEROS DEPORTES,22/12/2021,2477903,ADIDAS,FLT,TERCERAS,CD Villa El Salvador,FLT,0.00,0.93,,,252,,,9734.06,,,233.88,
ADIDAS PERU S.A.C,2034710031,DEPORTES,TEXTIL TERCEROS DEPORTES,22/12/2021,2475069,ADIDAS,PQ,TERCERAS,CD Villa El Salvador,SB,0.17,0.00,,2795,,,85728.15,,,484.65,,
ADIDAS PERU S.A.C,2034710031,DEPORTES,TEXTIL TERCEROS DEPORTES,22/12/2021,2477934,REEBOK,PQ,TERCERAS,CD Villa El Salvador,SB,0.00,0.17,,,5,,,99.9,,,0.87,
ADIDAS PERU S.A.C,2034710031,DEPORTES,TEXTIL TERCEROS DEPORTES,22/12/2021,2477900,ADIDAS,FLT,TERCERAS,CD Villa El Salvador,FLT,0.22,0.00,,2991,,,125117.14,,,668.91,,
ADIDAS PERU S.A.C,2034710031,DEPORTES,TEXTIL TERCEROS DEPORTES,22/12/2021,2477935,REEBOK,PQ,TERCERAS,CD Villa El Salvador,SB,0.17,0.00,,920,,,19716.6,,,159.53,,
ADIDAS PERU S.A.C,2034710031,DEPORTES,TEXTIL TERCEROS DEPORTES,22/12/2021,2477909,ADIDAS,PQ,TERCERAS,CD Villa El Salvador,SB,0.17,0.00,,1200,,,39012,,,208.08,,
ADIDAS PERU S.A.C,2034710031,DEPORTES,TEXTIL TERCEROS DEPORTES,23/12/2021,2477928,REEBOK,FLT,TERCERAS,CD Villa El Salvador,FLT,0.00,0.93,,,187,,,7384.05,,,173.56,
ADIDAS PERU S.A.C,2034710031,DEPORTES,TEXTIL TERCEROS DEPORTES,23/12/2021,2477884,ADIDAS,FLT,TERCERAS,CD Villa El Salvador,FLT,0.00,0.93,,,353,,,24126.17,,,327.62,
ADIDAS PERU S.A.C,2034710031,DEPORTES,TEXTIL TERCEROS DEPORTES,23/12/2021,2477929,REEBOK,FLT,TERCERAS,CD Villa El Salvador,FLT,0.22,0.00,,1937,,,73269,,,433.19,,
ADIDAS PERU S.A.C,2034710031,DEPORTES,TEXTIL TERCEROS DEPORTES,23/12/2021,2477904,ADIDAS,FLT,TERCERAS,CD Villa El Salvador,FLT,0.22,0.00,,3465,,,133470.82,,,774.91,,
ADIDAS PERU S.A.C,2034710031,DEPORTES,ZAPATILLAS TERCERO,21/12/2021,2477453,REEBOK,SHO,TERCERAS,CD Villa El Salvador,SHO,0.34,0.00,,12,,,1100.64,,,4.03,,
ADIDAS PERU S.A.C,2034710031,DEPORTES,ZAPATILLAS TERCERO,21/12/2021,2476817,ADIDAS,SHO,TERCERAS,CD Villa El Salvador,SHO,0.34,0.00,,2489,,,243706.29,,,834.96,,
ADIDAS PERU S.A.C,2034710031,DEPORTES,ZAPATILLAS TERCERO,21/12/2021,2477454,ADIDAS,SHO,TERCERAS,CD Villa El Salvador,SHO,0.34,0.00,,732,,,74088,,,245.56,,
ADIDAS PERU S.A.C,2034710031,DEPORTES,ZAPATILLAS TERCERO,21/12/2021,2476810,ADIDAS,SHO,TERCERAS,CD Villa El Salvador,SHO,0.00,1.48,,,132,,,12782.88,,,194.83,
ADIDAS PERU S.A.C,2034710031,DEPORTES,ZAPATILLAS TERCERO,21/12/2021,2476781,ADIDAS,SHO,TERCERAS,CD Villa El Salvador,SHO,0.00,1.48,,,360,,,34493.76,,,531.37,
ADIDAS PERU S.A.C,2034710031,CALZADO,TERCERA CALZADO JUVENIL URBANO,21/12/2021,2475743,REEBOK,SHO,TERCERAS,CD Villa El Salvador,SHO,0.34,0.00,,180,,,12020.88,,,60.38,,
ADIDAS PERU S.A.C,2034710031,CALZADO,TERCERA CALZADO JUVENIL URBANO,21/12/2021,2475773,ADIDAS,SHO,TERCERAS,CD Villa El Salvador,SHO,0.00,1.48,,,72,,,6234.48,,,106.27,
ADIDAS PERU S.A.C,2034710031,CALZADO,TERCERA CALZADO JUVENIL URBANO,21/12/2021,2475775,ADIDAS,SHO,TERCERAS,CD Villa El Salvador,SHO,0.34,0.00,,132,,,14136.24,,,44.28,,
ADIDAS PERU S.A.C,2034710031,CALZADO,TERCERA CALZADO JUVENIL URBANO,21/12/2021,2477594,REEBOK,SHO,TERCERAS,CD Villa El Salvador,SHO,0.34,0.00,,864,,,63992.64,,,289.84,,
ADIDAS PERU S.A.C,2034710031,CALZADO,TERCERA CALZADO JUVENIL URBANO,21/12/2021,2477587,REEBOK,SHO,TERCERAS,CD Villa El Salvador,SHO,0.00,1.48,,,120,,,9161.28,,,177.12,
ADIDAS PERU S.A.C,2034710031,CALZADO,TERCERA CALZADO JUVENIL URBANO,21/12/2021,2475776,ADIDAS,SHO,TERCERAS,CD Villa El Salvador,SHO,0.34,0.00,,228,,,17651.52,,,76.48,,
ADIDAS PERU S.A.C,2034710031,CALZADO,TERCERA CALZADO JUVENIL URBANO,21/12/2021,2475745,REEBOK,SHO,TERCERAS,CD Villa El Salvador,SHO,0.00,1.48,,,24,,,1586.4,,,35.42,
ADIDAS PERU S.A.C,2034710031,CALZADO,TERCERA CALZADO MUJER URBANO,21/12/2021,2475766,ADIDAS,SHO,TERCERAS,CD Villa El Salvador,SHO,0.34,0.00,,420,,,47868.48,,,140.89,,
ADIDAS PERU S.A.C,2034710031,CALZADO,TERCERA CALZADO MUJER URBANO,21/12/2021,2475741,REEBOK,SHO,TERCERAS,CD Villa El Salvador,SHO,0.34,0.00,,180,,,20197.8,,,60.38,,
ADIDAS PERU S.A.C,2034710031,CALZADO,TERCERA CALZADO MUJER URBANO,21/12/2021,2477583,REEBOK,SHO,TERCERAS,CD Villa El Salvador,SHO,0.34,0.00,,468,,,54915.12,,,156.99,,
ADIDAS PERU S.A.C,2034710031,CALZADO,TERCERA CALZADO MUJER URBANO,21/12/2021,2475778,ADIDAS,SHO,TERCERAS,CD Villa El Salvador,SHO,0.34,0.00,,576,,,80622.96,,,193.22,,
ADIDAS PERU S.A.C,2034710031,CALZADO,TERCERA CALZADO MUJER URBANO,21/12/2021,2477577,REEBOK,SHO,TERCERAS,CD Villa El Salvador,SHO,0.00,1.48,,,24,,,2816.16,,,35.42,
ADIDAS PERU S.A.C,2034710031,CALZADO,TERCERA CALZADO MUJER URBANO,21/12/2021,2475763,ADIDAS,SHO,TERCERAS,CD Villa El Salvador,SHO,0.00,1.48,,,120,,,12543.48,,,177.12,
ADIDAS PERU S.A.C,2034710031,CALZADO,TERCERA CALZADO MUJER URBANO,21/12/2021,2475737,REEBOK,SHO,TERCERAS,CD Villa El Salvador,SHO,0.00,1.48,,,24,,,2693.04,,,35.42,
ADIDAS PERU S.A.C,2034710031,CALZADO,TERCERA CALZADO MUJER URBANO,21/12/2021,2475735,ADIDAS,SHO,TERCERAS,CD Villa El Salvador,SHO,0.34,0.00,,72,,,3283.92,,,24.15,,
ADIDAS PERU S.A.C,2034710031,CALZADO,TERCERA CALZADO MUJER URBANO,23/12/2021,2478322,REEBOK,SHO,TERCERAS,CD Villa El Salvador,SHO,0.00,1.48,,,24,,,3677.04,,,35.42,
ADIDAS PERU S.A.C,2034710031,CALZADO,TERCERA CALZADO MUJER URBANO,23/12/2021,2478324,REEBOK,SHO,TERCERAS,CD Villa El Salvador,SHO,0.34,0.00,,112,,,17159.52,,,37.57,,
ADIDAS PERU S.A.C,2034710031,CALZADO,TERCERA CALZADO HOMBRE URBANO,21/12/2021,2475734,REEBOK,SHO,TERCERAS,CD Villa El Salvador,SHO,0.34,0.00,,36,,,4039.56,,,12.08,,
ADIDAS PERU S.A.C,2034710031,CALZADO,TERCERA CALZADO HOMBRE URBANO,21/12/2021,2475742,ADIDAS,SHO,TERCERAS,CD Villa El Salvador,SHO,0.00,1.48,,,192,,,21914.4,,,283.40,
ADIDAS PERU S.A.C,2034710031,CALZADO,TERCERA CALZADO HOMBRE URBANO,21/12/2021,2477584,REEBOK,SHO,TERCERAS,CD Villa El Salvador,SHO,0.00,1.48,,,24,,,2816.16,,,35.42,
ADIDAS PERU S.A.C,2034710031,CALZADO,TERCERA CALZADO HOMBRE URBANO,21/12/2021,2475746,ADIDAS,SHO,TERCERAS,CD Villa El Salvador,SHO,0.34,0.00,,1222,,,129635.66,,,409.93,,
ADIDAS PERU S.A.C,2034710031,CALZADO,TERCERA CALZADO HOMBRE URBANO,21/12/2021,2477586,REEBOK,SHO,TERCERAS,CD Villa El Salvador,SHO,0.34,0.00,,492,,,57362.4,,,165.05,,
ADIDAS PERU S.A.C,2034710031,CALZADO,TERCERA CALZADO HOMBRE URBANO,21/12/2021,2475738,ADIDAS,SHO,TERCERAS,CD Villa El Salvador,SHO,0.34,0.00,,490,,,29834,,,164.38,,
ADIDAS PERU S.A.C,2034710031,CALZADO,TERCERA CALZADO HOMBRE URBANO,21/12/2021,2475757,ADIDAS,SHO,TERCERAS,CD Villa El Salvador,SHO,0.34,0.00,,205,,,28076.8,,,68.77,,
PERFUMERIAS UNIDAS S.A.,2010103177,BELLEZA,PERF. SELECTIVA,23/12/2021,2478375,SHISEIDO,J&C,TERCERAS,CD Villa El Salvador,J&C,0.18,0.00,,26,,,3950.22,,,4.65,,
BRANDSMART INTERNATIONAL S.A.C.,2060241389,HOMBRE,MARCAS JUVENIL NACIONAL HOMBRE,22/12/2021,2477892,LOIS,FLT,TERCERAS,CD Villa El Salvador,FLT,0.00,0.93,,,40,,,1718.56,,,37.12,
BRANDSMART INTERNATIONAL S.A.C.,2060241389,HOMBRE,MARCAS JUVENIL NACIONAL HOMBRE,22/12/2021,2477893,LOIS,FLT,TERCERAS,CD Villa El Salvador,FLT,0.22,0.00,,1624,,,117193.31,,,363.19,,
BRANDSMART INTERNATIONAL S.A.C.,2060241389,HOMBRE,MARCAS JUVENIL NACIONAL HOMBRE,22/12/2021,2477574,BRONCO,FLT,TERCERAS,CD Villa El Salvador,FLT,0.22,0.00,,2955,,,211442.46,,,660.85,,
BRANDSMART INTERNATIONAL S.A.C.,2060241389,HOMBRE,MARCAS JUVENIL NACIONAL HOMBRE,22/12/2021,2477573,BRONCO,FLT,TERCERAS,CD Villa El Salvador,FLT,0.00,0.93,,,15,,,1372.8,,,13.92,
BRANDSMART INTERNATIONAL S.A.C.,2060241389,HOMBRE,MARCAS JUVENIL NACIONAL HOMBRE,23/12/2021,2477574,BRONCO,FLT,TERCERAS,CD Villa El Salvador,FLT,0.22,0.00,,1863,,,124854.63,,,416.64,,
BRANDSMART INTERNATIONAL S.A.C.,2060241389,HOMBRE,MARCAS JUVENIL NACIONAL HOMBRE,23/12/2021,2477573,BRONCO,FLT,TERCERAS,CD Villa El Salvador,FLT,0.00,0.93,,,7,,,640.64,,,6.50,
BRANDSMART INTERNATIONAL S.A.C.,2060241389,MUJER,MARCAS JUVENIL NACIONAL MUJER,22/12/2021,2477962,MACHINE,FLT,TERCERAS,CD Villa El Salvador,FLT,0.22,0.00,,3403,,,210314.63,,,761.05,,
BRANDSMART INTERNATIONAL S.A.C.,2060241389,MUJER,MARCAS JUVENIL NACIONAL MUJER,22/12/2021,2477961,MACHINE,FLT,TERCERAS,CD Villa El Salvador,FLT,0.00,0.93,,,95,,,6058.79,,,88.17,
BRANDSMART INTERNATIONAL S.A.C.,2060241389,MUJER,MARCAS JUVENIL NACIONAL MUJER,22/12/2021,2477919,BRONCO,FLT,TERCERAS,CD Villa El Salvador,FLT,0.22,0.00,,2629,,,163315.06,,,587.95,,
BRANDSMART INTERNATIONAL S.A.C.,2060241389,MUJER,MARCAS JUVENIL NACIONAL MUJER,22/12/2021,2477918,BRONCO,FLT,TERCERAS,CD Villa El Salvador,FLT,0.00,0.93,,,39,,,2310.93,,,36.20,
BRANDSMART INTERNATIONAL S.A.C.,2060241389,MUJER,MARCAS JUVENIL NACIONAL MUJER,23/12/2021,2469461,BRONCO,FLT,TERCERAS,CD Villa El Salvador,FLT,0.22,0.00,,681,,,45014.1,,,152.30,,
BRANDSMART INTERNATIONAL S.A.C.,2060241389,MUJER,MARCAS JUVENIL NACIONAL MUJER,23/12/2021,2469460,BRONCO,FLT,TERCERAS,CD Villa El Salvador,FLT,0.00,0.93,,,14,,,925.4,,,12.99,
PRIDE CORPORATION S.A.C.,2034823316,HOMBRE,MARCAS JUVENIL NACIONAL HOMBRE,23/12/2021,2477005,DUNKELVOLK,PQ,TERCERAS,CD Villa El Salvador,FLT,0.00,0.17,,,16,,,568.64,,,2.77,
PRIDE CORPORATION S.A.C.,2034823316,HOMBRE,MARCAS JUVENIL NACIONAL HOMBRE,23/12/2021,2477005,DUNKELVOLK,FLT,TERCERAS,CD Villa El Salvador,FLT,0.00,0.93,,,85,,,5668.24,,,78.89,
PRIDE CORPORATION S.A.C.,2034823316,HOMBRE,MARCAS JUVENIL NACIONAL HOMBRE,23/12/2021,2477006,DUNKELVOLK,PQ,TERCERAS,CD Villa El Salvador,FLT,0.17,0.00,,444,,,15779.76,,,76.99,,
PRIDE CORPORATION S.A.C.,2034823316,HOMBRE,MARCAS JUVENIL NACIONAL HOMBRE,23/12/2021,2477006,DUNKELVOLK,FLT,TERCERAS,CD Villa El Salvador,FLT,0.22,0.00,,1477,,,104071.06,,,330.32,,
MANUFACTURAS SAN ISIDRO,2010129885,INFANTIL,MARCAS NACIONAL NINA,21/12/2021,2475861,PIONIER,FLT,TERCERAS,CD Villa El Salvador,FLT,0.22,0.00,,1183,,,74900.07,,,264.57,,
MANUFACTURAS SAN ISIDRO,2010129885,INFANTIL,MARCAS NACIONAL NINO,22/12/2021,2477029,PIONIER,FLT,TERCERAS,CD Villa El Salvador,FLT,0.00,0.93,,,32,,,1701.98,,,29.70,
MANUFACTURAS SAN ISIDRO,2010129885,INFANTIL,MARCAS NACIONAL NINO,22/12/2021,2477030,PIONIER,FLT,TERCERAS,CD Villa El Salvador,FLT,0.22,0.00,,681,,,36842.87,,,152.30,,
MANUFACTURAS SAN ISIDRO,2010129885,HOMBRE,MARCAS JUVENIL NACIONAL HOMBRE,21/12/2021,2477472,PIONIER,FLT,TERCERAS,CD Villa El Salvador,FLT,0.22,0.00,,2300,,,172230.78,,,514.37,,
MANUFACTURAS SAN ISIDRO,2010129885,HOMBRE,MARCAS JUVENIL NACIONAL HOMBRE,21/12/2021,2477447,PIONIER,FLT,TERCERAS,CD Villa El Salvador,FLT,0.22,0.00,,1538,,,81452.48,,,343.96,,
MANUFACTURAS SAN ISIDRO,2010129885,HOMBRE,MARCAS JUVENIL NACIONAL HOMBRE,22/12/2021,2477471,PIONIER,FLT,TERCERAS,CD Villa El Salvador,FLT,0.00,0.93,,,22,,,1745.54,,,20.42,
MANUFACTURAS SAN ISIDRO,2010129885,MUJER,MARCAS JUVENIL NACIONAL MUJER,22/12/2021,2475719,SQUEEZE,FLT,TERCERAS,CD Villa El Salvador,FLT,0.22,0.00,,272,,,13801.28,,,60.83,,
MANUFACTURAS SAN ISIDRO,2010129885,MUJER,MARCAS JUVENIL NACIONAL MUJER,22/12/2021,2478072,PIONIER,FLT,TERCERAS,CD Villa El Salvador,FLT,0.22,0.00,,1800,,,132167.31,,,402.55,,
MANUFACTURAS SAN ISIDRO,2010129885,MUJER,MARCAS JUVENIL NACIONAL MUJER,22/12/2021,2478071,PIONIER,FLT,TERCERAS,CD Villa El Salvador,FLT,0.00,0.93,,,20,,,1471.5,,,18.56,
MANUFACTURAS SAN ISIDRO,2010129885,MUJER,MARCAS JUVENIL NACIONAL MUJER,23/12/2021,2476066,PIONIER,FLT,TERCERAS,CD Villa El Salvador,FLT,0.00,0.93,,,3,,,106.56,,,2.78,
MANUFACTURAS SAN ISIDRO,2010129885,MUJER,MARCAS JUVENIL NACIONAL MUJER,23/12/2021,2476067,PIONIER,FLT,TERCERAS,CD Villa El Salvador,FLT,0.22,0.00,,270,,,9590.4,,,60.38,,
MANUFACTURAS SAN ISIDRO,2010129885,MUJER,MARCAS JUVENIL NACIONAL MUJER,23/12/2021,2478052,PIONIER,FLT,TERCERAS,CD Villa El Salvador,FLT,0.22,0.00,,1285,,,88581.63,,,287.38,,
MANUFACTURAS SAN ISIDRO,2010129885,MUJER,MARCAS JUVENIL NACIONAL MUJER,23/12/2021,2478049,SQUEEZE,FLT,TERCERAS,CD Villa El Salvador,FLT,0.00,0.93,,,19,,,1349.76,,,17.63,
MANUFACTURAS SAN ISIDRO,2010129885,MUJER,MARCAS JUVENIL NACIONAL MUJER,23/12/2021,2478051,PIONIER,FLT,TERCERAS,CD Villa El Salvador,FLT,0.00,0.93,,,12,,,852.48,,,11.14,
MANUFACTURAS SAN ISIDRO,2010129885,MUJER,MARCAS JUVENIL NACIONAL MUJER,23/12/2021,2478050,SQUEEZE,FLT,TERCERAS,CD Villa El Salvador,FLT,0.22,0.00,,739,,,52498.56,,,165.27,,
MANUFACTURAS SAN ISIDRO,2010129885,MUJER,MARCAS JUVENIL NACIONAL MUJER,29/12/2021,2480075,PIONIER,FLT,TERCERAS,CD Villa El Salvador,FLT,0.22,0.00,,183,,,8055.66,,,40.93,,
EQUIPERU S.A.C.,2042248819,DEPORTES,TEXTIL TERCEROS DEPORTES,21/12/2021,2477164,NIKE,RTW,TERCERAS,CD Villa El Salvador,RTW,0.54,0.00,,2360,,,143510.08,,,1266.69,,
EQUIPERU S.A.C.,2042248819,DEPORTES,TEXTIL TERCEROS DEPORTES,21/12/2021,2477164,NIKE,FLT,TERCERAS,CD Villa El Salvador,FLT,0.22,0.00,,328,,,17885.84,,,73.35,,
EQUIPERU S.A.C.,2042248819,DEPORTES,TEXTIL TERCEROS DEPORTES,21/12/2021,2476878,NIKE,PQ,TERCERAS,CD Villa El Salvador,RTW,0.17,0.00,,1528,,,64633.98,,,264.96,,
EQUIPERU S.A.C.,2042248819,DEPORTES,TEXTIL TERCEROS DEPORTES,21/12/2021,2476903,NIKE,RTW,TERCERAS,CD Villa El Salvador,RTW,0.54,0.00,,408,,,13260,,,218.99,,
EQUIPERU S.A.C.,2042248819,DEPORTES,TEXTIL TERCEROS DEPORTES,21/12/2021,2476909,NIKE,RTW,TERCERAS,CD Villa El Salvador,RTW,0.00,2.38,,,72,,,2340,,,171.22,
EQUIPERU S.A.C.,2042248819,DEPORTES,TEXTIL TERCEROS DEPORTES,21/12/2021,2476888,NIKE,PQ,TERCERAS,CD Villa El Salvador,RTW,0.00,0.17,,,140,,,6797.6,,,24.28,
EQUIPERU S.A.C.,2042248819,DEPORTES,TEXTIL TERCEROS DEPORTES,29/12/2021,2479739,NIKE,PQ,TERCERAS,CD Villa El Salvador,RTW,0.00,0.17,,,30,,,1636.1,,,5.20,
EQUIPERU S.A.C.,2042248819,DEPORTES,TEXTIL TERCEROS DEPORTES,29/12/2021,2479714,NIKE,RTW,TERCERAS,CD Villa El Salvador,RTW,0.54,0.00,,12,,,654.36,,,6.44,,
EQUIPERU S.A.C.,2042248819,DEPORTES,TEXTIL TERCEROS DEPORTES,29/12/2021,2479715,NIKE,RTW,TERCERAS,CD Villa El Salvador,RTW,0.00,2.38,,,36,,,4607.28,,,85.61,
EQUIPERU S.A.C.,2042248819,DEPORTES,TEXTIL TERCEROS DEPORTES,29/12/2021,2479716,NIKE,RTW,TERCERAS,CD Villa El Salvador,RTW,0.54,0.00,,120,,,13154.4,,,64.41,,
EQUIPERU S.A.C.,2042248819,DEPORTES,TEXTIL TERCEROS DEPORTES,29/12/2021,2479711,NIKE,RTW,TERCERAS,CD Villa El Salvador,RTW,0.00,2.38,,,108,,,10516.44,,,256.82,
EQUIPERU S.A.C.,2042248819,DEPORTES,TEXTIL TERCEROS DEPORTES,29/12/2021,2479713,NIKE,RTW,TERCERAS,CD Villa El Salvador,RTW,0.00,2.38,,,6,,,327.18,,,14.27,
EQUIPERU S.A.C.,2042248819,DEPORTES,TEXTIL TERCEROS DEPORTES,29/12/2021,2479710,NIKE,PQ,TERCERAS,CD Villa El Salvador,RTW,0.00,0.17,,,25,,,1859.05,,,4.34,
EQUIPERU S.A.C.,2042248819,DEPORTES,TEXTIL TERCEROS DEPORTES,29/12/2021,2479709,NIKE,PQ,TERCERAS,CD Villa El Salvador,RTW,0.17,0.00,,175,,,12352.45,,,30.35,,
EQUIPERU S.A.C.,2042248819,DEPORTES,TEXTIL TERCEROS DEPORTES,29/12/2021,2479740,NIKE,PQ,TERCERAS,CD Villa El Salvador,RTW,0.17,0.00,,320,,,18553.4,,,55.49,,
EQUIPERU S.A.C.,2042248819,DEPORTES,TEXTIL TERCEROS DEPORTES,29/12/2021,2479712,NIKE,RTW,TERCERAS,CD Villa El Salvador,RTW,0.54,0.00,,24,,,5935.92,,,12.88,,
EQUIPERU S.A.C.,2042248819,DEPORTES,TEXTIL TERCEROS DEPORTES,27/12/2021,2478078,NIKE,RTW,TERCERAS,CD Villa El Salvador,RTW,0.00,2.38,,,190,,,12510.08,,,451.82,
EQUIPERU S.A.C.,2042248819,DEPORTES,TEXTIL TERCEROS DEPORTES,27/12/2021,2478078,NIKE,FLT,TERCERAS,CD Villa El Salvador,FLT,0.00,0.93,,,8,,,436.24,,,7.42,
EQUIPERU S.A.C.,2042248819,DEPORTES,TEXTIL TERCEROS DEPORTES,27/12/2021,2479736,NIKE,RTW,TERCERAS,CD Villa El Salvador,RTW,0.00,2.38,,,108,,,5295.24,,,256.82,
EQUIPERU S.A.C.,2042248819,DEPORTES,TEXTIL TERCEROS DEPORTES,27/12/2021,2479736,NIKE,FLT,TERCERAS,CD Villa El Salvador,FLT,0.00,0.93,,,12,,,654.36,,,11.14,
EQUIPERU S.A.C.,2042248819,DEPORTES,TEXTIL TERCEROS DEPORTES,27/12/2021,2479584,NIKE,PQ,TERCERAS,CD Villa El Salvador,RTW,0.17,0.00,,480,,,20889.6,,,83.23,,
EQUIPERU S.A.C.,2042248819,DEPORTES,TEXTIL TERCEROS DEPORTES,27/12/2021,2479737,NIKE,RTW,TERCERAS,CD Villa El Salvador,RTW,0.54,0.00,,1260,,,61777.8,,,676.29,,
EQUIPERU S.A.C.,2042248819,DEPORTES,TEXTIL TERCEROS DEPORTES,27/12/2021,2479737,NIKE,FLT,TERCERAS,CD Villa El Salvador,FLT,0.22,0.00,,336,,,18322.08,,,75.14,,
EQUIPERU S.A.C.,2042248819,DEPORTES,TEXTIL TERCEROS DEPORTES,27/12/2021,2478486,NIKE,PQ,TERCERAS,CD Villa El Salvador,RTW,0.00,0.17,,,73,,,3903.72,,,12.66,
EQUIPERU S.A.C.,2042248819,DEPORTES,TEXTIL TERCEROS DEPORTES,27/12/2021,2479586,NIKE,PQ,TERCERAS,CD Villa El Salvador,RTW,0.00,0.17,,,96,,,4177.92,,,16.65,
EQUIPERU S.A.C.,2042248819,DEPORTES,TEXTIL TERCEROS DEPORTES,27/12/2021,2478483,NIKE,PQ,TERCERAS,CD Villa El Salvador,RTW,0.17,0.00,,371,,,19713.6,,,64.33,,
EQUIPERU S.A.C.,2042248819,DEPORTES,ZAPATILLAS TERCERO,21/12/2021,2477216,NIKE,SHO,TERCERAS,CD Villa El Salvador,SHO,0.00,1.48,,,108,,,17127,,,159.41,
EQUIPERU S.A.C.,2042248819,DEPORTES,ZAPATILLAS TERCERO,21/12/2021,2477211,NIKE,SHO,TERCERAS,CD Villa El Salvador,SHO,0.00,1.48,,,72,,,12783.84,,,106.27,
EQUIPERU S.A.C.,2042248819,DEPORTES,ZAPATILLAS TERCERO,21/12/2021,2477201,NIKE,SHO,TERCERAS,CD Villa El Salvador,SHO,0.34,0.00,,300,,,50335.44,,,100.64,,
EQUIPERU S.A.C.,2042248819,DEPORTES,ZAPATILLAS TERCERO,21/12/2021,2477213,NIKE,SHO,TERCERAS,CD Villa El Salvador,SHO,0.34,0.00,,480,,,76413.6,,,161.02,,
EQUIPERU S.A.C.,2042248819,DEPORTES,ZAPATILLAS TERCERO,29/12/2021,2479551,NIKE,SHO,TERCERAS,CD Villa El Salvador,SHO,0.00,1.48,,,24,,,4217.28,,,35.42,
EQUIPERU S.A.C.,2042248819,DEPORTES,ZAPATILLAS TERCERO,29/12/2021,2479554,NIKE,SHO,TERCERAS,CD Villa El Salvador,SHO,0.34,0.00,,156,,,27412.32,,,52.33,,
EQUIPERU S.A.C.,2042248819,DEPORTES,ZAPATILLAS TERCERO,27/12/2021,2477984,NIKE,SHO,TERCERAS,CD Villa El Salvador,SHO,0.34,0.00,,216,,,35575.2,,,72.46,,
EQUIPERU S.A.C.,2042248819,CALZADO,TERCERA CALZADO JUVENIL URBANO,21/12/2021,2477132,NIKE,SHO,TERCERAS,CD Villa El Salvador,SHO,0.34,0.00,,264,,,24575.76,,,88.56,,
EQUIPERU S.A.C.,2042248819,CALZADO,TERCERA CALZADO JUVENIL URBANO,21/12/2021,2477585,NIKE,SHO,TERCERAS,CD Villa El Salvador,SHO,0.34,0.00,,228,,,21687.72,,,76.48,,
EQUIPERU S.A.C.,2042248819,CALZADO,TERCERA CALZADO JUVENIL URBANO,21/12/2021,2477133,NIKE,SHO,TERCERAS,CD Villa El Salvador,SHO,0.00,1.48,,,24,,,2234.16,,,35.42,
EQUIPERU S.A.C.,2042248819,CALZADO,TERCERA CALZADO JUVENIL URBANO,29/12/2021,2479508,NIKE,SHO,TERCERAS,CD Villa El Salvador,SHO,0.00,1.48,,,72,,,6041.52,,,106.27,
EQUIPERU S.A.C.,2042248819,CALZADO,TERCERA CALZADO JUVENIL URBANO,29/12/2021,2479503,NIKE,SHO,TERCERAS,CD Villa El Salvador,SHO,0.34,0.00,,792,,,66456.72,,,265.68,,
EQUIPERU S.A.C.,2042248819,CALZADO,TERCERA CALZADO JUVENIL URBANO,27/12/2021,2479624,NIKE,SHO,TERCERAS,CD Villa El Salvador,SHO,0.34,0.00,,252,,,23458.68,,,84.54,,
EQUIPERU S.A.C.,2042248819,CALZADO,TERCERA CALZADO JUVENIL URBANO,27/12/2021,2479623,NIKE,SHO,TERCERAS,CD Villa El Salvador,SHO,0.00,1.48,,,24,,,2234.16,,,35.42,
EQUIPERU S.A.C.,2042248819,CALZADO,TERCERA CALZADO MUJER URBANO,21/12/2021,2477149,NIKE,SHO,TERCERAS,CD Villa El Salvador,SHO,0.34,0.00,,36,,,4937.76,,,12.08,,
EQUIPERU S.A.C.,2042248819,CALZADO,TERCERA CALZADO MUJER URBANO,21/12/2021,2477188,NIKE,RTW,TERCERAS,CD Villa El Salvador,RTW,0.00,2.38,,,108,,,16928.64,,,256.82,
EQUIPERU S.A.C.,2042248819,CALZADO,TERCERA CALZADO MUJER URBANO,21/12/2021,2477180,NIKE,SHO,TERCERAS,CD Villa El Salvador,SHO,0.00,1.48,,,12,,,1645.92,,,17.71,
EQUIPERU S.A.C.,2042248819,CALZADO,TERCERA CALZADO MUJER URBANO,29/12/2021,2479529,NIKE,SHO,TERCERAS,CD Villa El Salvador,SHO,0.00,1.48,,,24,,,3556.32,,,35.42,
EQUIPERU S.A.C.,2042248819,CALZADO,TERCERA CALZADO MUJER URBANO,29/12/2021,2479527,NIKE,SHO,TERCERAS,CD Villa El Salvador,SHO,0.34,0.00,,120,,,17781.6,,,40.26,,
EQUIPERU S.A.C.,2042248819,CALZADO,TERCERA CALZADO MUJER URBANO,27/12/2021,2479317,NIKE,SHO,TERCERAS,CD Villa El Salvador,SHO,0.00,1.48,,,60,,,8229.6,,,88.56,
EQUIPERU S.A.C.,2042248819,CALZADO,TERCERA CALZADO HOMBRE URBANO,21/12/2021,2477135,NIKE,SHO,TERCERAS,CD Villa El Salvador,SHO,0.34,0.00,,624,,,113218.32,,,209.33,,
EQUIPERU S.A.C.,2042248819,CALZADO,TERCERA CALZADO HOMBRE URBANO,21/12/2021,2477142,NIKE,SHO,TERCERAS,CD Villa El Salvador,SHO,0.00,1.48,,,108,,,17060.64,,,159.41,
EQUIPERU S.A.C.,2042248819,CALZADO,TERCERA CALZADO HOMBRE URBANO,29/12/2021,2479512,NIKE,SHO,TERCERAS,CD Villa El Salvador,SHO,0.34,0.00,,192,,,28450.56,,,64.41,,
EQUIPERU S.A.C.,2042248819,CALZADO,TERCERA CALZADO HOMBRE URBANO,29/12/2021,2479519,NIKE,SHO,TERCERAS,CD Villa El Salvador,SHO,0.00,1.48,,,12,,,1778.16,,,17.71,
EQUIPERU S.A.C.,2042248819,CALZADO,TERCERA CALZADO HOMBRE URBANO,27/12/2021,2479316,NIKE,SHO,TERCERAS,CD Villa El Salvador,SHO,0.00,1.48,,,12,,,918.84,,,17.71,
EQUIPERU S.A.C.,2042248819,CALZADO,TERCERA CALZADO HOMBRE URBANO,27/12/2021,2479311,NIKE,SHO,TERCERAS,CD Villa El Salvador,SHO,0.34,0.00,,72,,,5513.04,,,24.15,,
BETA PERU S.A.,2013644136,MUJER,MARCAS CORSETERIA NACIONAL,21/12/2021,2475437,CACHET,PQ,TERCERAS,CD Villa El Salvador,FLT,0.17,0.00,,925,,,22557.57,,,160.40,,
CONSORCIO ALTA MODA S.R.L.,2054618310,MUJER,MARCAS JUVENIL NACIONAL MUJER,21/12/2021,2477522,SODA BLUES,FLT,TERCERAS,CD Villa El Salvador,FLT,0.22,0.00,,1593,,,95288.82,,,356.26,,
CONSORCIO ALTA MODA S.R.L.,2054618310,MUJER,MARCAS JUVENIL NACIONAL MUJER,21/12/2021,2477181,SODA BLUES,FLT,TERCERAS,CD Villa El Salvador,FLT,0.22,0.00,,869,,,70157.9,,,194.34,,
CONSORCIO ALTA MODA S.R.L.,2054618310,MUJER,MARCAS JUVENIL NACIONAL MUJER,22/12/2021,2477522,SODA BLUES,FLT,TERCERAS,CD Villa El Salvador,FLT,0.22,0.00,,129,,,9275.1,,,28.85,,
CONSORCIO ALTA MODA S.R.L.,2054618310,MUJER,MARCAS JUVENIL NACIONAL MUJER,22/12/2021,2477181,SODA BLUES,FLT,TERCERAS,CD Villa El Salvador,FLT,0.22,0.00,,2009,,,109414.2,,,449.29,,
CONSORCIO ALTA MODA S.R.L.,2054618310,MUJER,MARCAS JUVENIL NACIONAL MUJER,23/12/2021,2477522,SODA BLUES,FLT,TERCERAS,CD Villa El Salvador,FLT,0.22,0.00,,492,,,38798.3,,,110.03,,
CONSORCIO ALTA MODA S.R.L.,2054618310,MUJER,MARCAS JUVENIL NACIONAL MUJER,23/12/2021,2477181,SODA BLUES,FLT,TERCERAS,CD Villa El Salvador,FLT,0.22,0.00,,1772,,,115498,,,396.29,,
CONSORCIO ALTA MODA S.R.L.,2054618310,MUJER,MARCAS JUVENIL NACIONAL MUJER,28/12/2021,2477522,SODA BLUES,FLT,TERCERAS,CD Villa El Salvador,FLT,0.22,0.00,,648,,,57022.68,,,144.92,,
CONSORCIO ALTA MODA S.R.L.,2054618310,MUJER,MARCAS JUVENIL NACIONAL MUJER,28/12/2021,2477181,SODA BLUES,FLT,TERCERAS,CD Villa El Salvador,FLT,0.22,0.00,,495,,,40456.4,,,110.70,,
SKECHERS PERU S.A.,2060050854,DEPORTES,ZAPATILLAS TERCERO,27/12/2021,2479112,SKECHERS,SHO,TERCERAS,CD Villa El Salvador,SHO,0.34,0.00,,1019,,,102745.28,,,341.83,,
SKECHERS PERU S.A.,2060050854,DEPORTES,ZAPATILLAS TERCERO,27/12/2021,2479111,SKECHERS,SHO,TERCERAS,CD Villa El Salvador,SHO,0.00,1.48,,,46,,,5798.32,,,67.90,
SKECHERS PERU S.A.,2060050854,CALZADO,TERCERA CALZADO JUVENIL URBANO,28/12/2021,2479574,SKECHERS,SHO,TERCERAS,CD Villa El Salvador,SHO,0.34,0.00,,60,,,3542.88,,,20.13,,
SKECHERS PERU S.A.,2060050854,CALZADO,TERCERA CALZADO JUVENIL URBANO,28/12/2021,2479573,SKECHERS,SHO,TERCERAS,CD Villa El Salvador,SHO,0.00,1.48,,,36,,,2148.96,,,53.14,
SKECHERS PERU S.A.,2060050854,CALZADO,TERCERA CALZADO MUJER URBANO,21/12/2021,2475573,SKECHERS,SHO,TERCERAS,CD Villa El Salvador,SHO,0.34,0.00,,984,,,102305.28,,,330.09,,
SKECHERS PERU S.A.,2060050854,CALZADO,TERCERA CALZADO MUJER URBANO,21/12/2021,2475579,SKECHERS,SHO,TERCERAS,CD Villa El Salvador,SHO,0.34,0.00,,288,,,25090.56,,,96.61,,
SKECHERS PERU S.A.,2060050854,CALZADO,TERCERA CALZADO MUJER URBANO,29/12/2021,2479758,SKECHERS,SHO,TERCERAS,CD Villa El Salvador,SHO,0.00,1.48,,,108,,,7840.8,,,159.41,
SKECHERS PERU S.A.,2060050854,CALZADO,TERCERA CALZADO MUJER URBANO,29/12/2021,2479759,SKECHERS,SHO,TERCERAS,CD Villa El Salvador,SHO,0.34,0.00,,768,,,55466.4,,,257.63,,
SKECHERS PERU S.A.,2060050854,CALZADO,TERCERA CALZADO MUJER URBANO,28/12/2021,2479562,SKECHERS,SHO,TERCERAS,CD Villa El Salvador,SHO,0.00,1.48,,,36,,,3088.8,,,53.14,
KP DESIGN S.A.C.,2039275155,MUJER,MARCAS JUVENIL NACIONAL MUJER,22/12/2021,2477949,KAYRA POBLET PERFECT FIT,FLT,TERCERAS,CD Villa El Salvador,FLT,0.22,0.00,,1610,,,55095.08,,,360.06,,
KP DESIGN S.A.C.,2039275155,MUJER,MARCAS JUVENIL NACIONAL MUJER,27/12/2021,2477949,KAYRA POBLET PERFECT FIT,FLT,TERCERAS,CD Villa El Salvador,FLT,0.22,0.00,,2041,,,137417.31,,,456.45,,
NEWELL BRANDS DE PERU SAC,2051472012,ELECTROHOGAR,ELECTRODOMESTICOS,22/12/2021,2471566,OSTER,SB,TERCERAS,CD Villa El Salvador,SB,0.00,1.58,,,134,,,49745.28,,,211.82,
CELA COSMETICOS PERU S.A.C.,2051373570,BELLEZA,PERF. SELECTIVA,22/12/2021,2479115,MICHAEL KORS,PQ,TERCERAS,CD Villa El Salvador,J&C,0.17,0.00,,5,,,778.6,,,0.87,,
CELA COSMETICOS PERU S.A.C.,2051373570,BELLEZA,PERF. SELECTIVA,22/12/2021,2479115,BOBBI BROWN,J&C,TERCERAS,CD Villa El Salvador,J&C,0.18,0.00,,18,,,1641.13,,,3.22,,
CELA COSMETICOS PERU S.A.C.,2051373570,BELLEZA,PERF. SELECTIVA,22/12/2021,2477607,DONNA KARAN,J&C,TERCERAS,CD Villa El Salvador,J&C,0.18,0.00,,26,,,3601.28,,,4.65,,
CELA COSMETICOS PERU S.A.C.,2051373570,BELLEZA,PERF. SELECTIVA,22/12/2021,2477607,MICHAEL KORS,J&C,TERCERAS,CD Villa El Salvador,J&C,0.18,0.00,,9,,,875.07,,,1.61,,
CELA COSMETICOS PERU S.A.C.,2051373570,BELLEZA,PERF. SELECTIVA,22/12/2021,2477189,ESTEE LAUDER,J&C,TERCERAS,CD Villa El Salvador,J&C,0.18,0.00,,214,,,36168.14,,,38.29,,
CELA COSMETICOS PERU S.A.C.,2051373570,BELLEZA,PERF. SELECTIVA,22/12/2021,2477606,MICHAEL KORS,J&C,TERCERAS,CD Villa El Salvador,J&C,0.18,0.00,,32,,,2275.84,,,5.73,,
SUPERDEPORTE PLUS PERU S.A.C.,2060089247,DEPORTES,TEXTIL TERCEROS DEPORTES,27/12/2021,2477476,UNDER ARMOUR,FLT,TERCERAS,CD Villa El Salvador,FLT,0.00,0.93,,,336,,,18463.02,,,311.84,
SUPERDEPORTE PLUS PERU S.A.C.,2060089247,DEPORTES,TEXTIL TERCEROS DEPORTES,27/12/2021,2477944,UNDER ARMOUR,PQ,TERCERAS,CD Villa El Salvador,FLT,0.00,0.17,,,64,,,2552.8,,,11.10,
SUPERDEPORTE PLUS PERU S.A.C.,2060089247,DEPORTES,TEXTIL TERCEROS DEPORTES,27/12/2021,2477477,UNDER ARMOUR,FLT,TERCERAS,CD Villa El Salvador,FLT,0.22,0.00,,1755,,,93537.42,,,392.49,,
SUPERDEPORTE PLUS PERU S.A.C.,2060089247,DEPORTES,TEXTIL TERCEROS DEPORTES,27/12/2021,2477945,UNDER ARMOUR,PQ,TERCERAS,CD Villa El Salvador,FLT,0.17,0.00,,348,,,14393.28,,,60.34,,
SUPERDEPORTE PLUS PERU S.A.C.,2060089247,DEPORTES,ZAPATILLAS TERCERO,27/12/2021,2477492,UNDER ARMOUR,SHO,TERCERAS,CD Villa El Salvador,SHO,0.34,0.00,,582,,,72429.24,,,195.24,,
SUPERDEPORTE PLUS PERU S.A.C.,2060089247,DEPORTES,ZAPATILLAS TERCERO,27/12/2021,2477491,UNDER ARMOUR,SHO,TERCERAS,CD Villa El Salvador,SHO,0.00,1.48,,,122,,,16946.68,,,180.07,
SAMSUNG ELECTRONICS PERU SAC,2030026357,ELECTROHOGAR,LINEA BLANCA,22/12/2021,2457274,SAMSUNG,BT - OTROS,TERCERAS,CD ALDEA6,BT,0.00,18.26,,,252,,,514358.62,,,4601.24,
SAMSUNG ELECTRONICS PERU SAC,2030026357,ELECTROHOGAR,LINEA BLANCA,22/12/2021,2471696,SAMSUNG,BT - OTROS,TERCERAS,CD ALDEA6,BT,0.00,19.09,,,178,,,379801.04,,,3397.54,
SAMSUNG ELECTRONICS PERU SAC,2030026357,ELECTROHOGAR,LINEA BLANCA,22/12/2021,2475982,SAMSUNG,BT - OTROS,TERCERAS,CD ALDEA6,BT,0.00,13.68,,,30,,,45893.4,,,410.54,
SAMSUNG ELECTRONICS PERU SAC,2030026357,ELECTROHOGAR,LINEA BLANCA,23/12/2021,2457274,SAMSUNG,BT - OTROS,TERCERAS,CD ALDEA6,BT,0.00,15.66,,,56,,,98057.48,,,877.18,
SAMSUNG ELECTRONICS PERU SAC,2030026357,ELECTROHOGAR,LINEA BLANCA,23/12/2021,2471696,SAMSUNG,BT - OTROS,TERCERAS,CD ALDEA6,BT,0.00,13.94,,,168,,,261813.12,,,2342.07,
SAMSUNG ELECTRONICS PERU SAC,2030026357,ELECTROHOGAR,LINEA BLANCA,23/12/2021,2475982,SAMSUNG,BT - OTROS,TERCERAS,CD ALDEA6,BT,0.00,14.19,,,330,,,523484.68,,,4682.87,
SAMSUNG ELECTRONICS PERU SAC,2030026357,ELECTROHOGAR,TELEFONIA MOVIL,22/12/2021,2477977,SAMSUNG,J&C,TERCERAS,CD Villa El Salvador,J&C,0.00,6.52,,,250,,,364225,,,1629.10,
SAMSUNG ELECTRONICS PERU SAC,2030026357,ELECTROHOGAR,TV-VIDEO,22/12/2021,2477061,SAMSUNG,BT - OTROS,TERCERAS,CD ALDEA6,BT,0.00,17.38,,,538,,,2090718.16,,,9351.34,
SAMSUNG ELECTRONICS PERU SAC,2030026357,ELECTROHOGAR,TV-VIDEO,22/12/2021,2477062,SAMSUNG,SBN,TERCERAS,CD Villa El Salvador,SBN,0.00,6.36,,,348,,,495210.96,,,2214.97,
SAMSUNG ELECTRONICS PERU SAC,2030026357,ELECTROHOGAR,TV-VIDEO,28/12/2021,2477061,SAMSUNG,BT - OTROS,TERCERAS,CD ALDEA6,BT,0.00,14.79,,,701,,,2317187.78,,,10364.29,
SAMSUNG ELECTRONICS PERU SAC,2030026357,ELECTROHOGAR,AUDIO,29/12/2021,2477067,SAMSUNG,BT - OTROS,TERCERAS,CD Villa El Salvador,BT,0.00,3.14,,,70,,,49068.9,,,219.47,
LAZZOS COMERCIALES SAC,2054674724,CALZADO,TERCERA CALZADO MUJER MODA,21/12/2021,2477609,BEIRA RIO,SHO,TERCERAS,CD Villa El Salvador,SHO,0.34,0.00,,2724,,,158339.28,,,913.79,,
LAZZOS COMERCIALES SAC,2054674724,CALZADO,TERCERA CALZADO MUJER MODA,21/12/2021,2477807,BEIRA RIO,SHO,TERCERAS,CD Villa El Salvador,SHO,0.34,0.00,,1980,,,134435.28,,,664.21,,
LAZZOS COMERCIALES SAC,2054674724,CALZADO,TERCERA CALZADO MUJER MODA,21/12/2021,2477608,BEIRA RIO,SHO,TERCERAS,CD Villa El Salvador,SHO,0.00,1.48,,,84,,,4938.12,,,123.99,
LAZZOS COMERCIALES SAC,2054674724,CALZADO,TERCERA CALZADO MUJER MODA,22/12/2021,2476828,MOLECA,SHO,TERCERAS,CD Villa El Salvador,SHO,0.34,0.00,,2292,,,109893,,,768.87,,
LAZZOS COMERCIALES SAC,2054674724,CALZADO,TERCERA CALZADO MUJER MODA,23/12/2021,2476816,MOLECA,SHO,TERCERAS,CD Villa El Salvador,SHO,0.34,0.00,,3552,,,177500.88,,,1191.55,,
AMPHORA PERU S.A.C.,2049228163,ACCESORIOS,ACCESORIOS TERCERAS,22/12/2021,2477848,ZIOL & ZAKY,SB,TERCERAS,CD Villa El Salvador,SB,0.49,0.00,,1231,,,68533.76,,,608.27,,
AMPHORA PERU S.A.C.,2049228163,ACCESORIOS,ACCESORIOS TERCERAS,22/12/2021,2477848,ZIOL & ZAKY,PQ,TERCERAS,CD Villa El Salvador,SB,0.17,0.00,,48,,,3103.68,,,8.32,,
AMPHORA PERU S.A.C.,2049228163,ACCESORIOS,ACCESORIOS TERCERAS,23/12/2021,2479123,ZIOL & ZAKY,SB,TERCERAS,CD Villa El Salvador,SB,0.49,0.00,,612,,,61118.09,,,302.41,,
ELECTROANDINA INDUSTRIAL S.A.C.,2051057945,ELECTROHOGAR,LINEA BLANCA,28/12/2021,2466814,INDURAMA,BT - OTROS,TERCERAS,CD ALDEA6,BT,0.00,20.85,,,32,,,29828.8,,,667.09,
ELECTROANDINA INDUSTRIAL S.A.C.,2051057945,ELECTROHOGAR,LINEA BLANCA,28/12/2021,2475065,INDURAMA,BT - OTROS,TERCERAS,CD ALDEA6,BT,0.00,17.92,,,250,,,200338.14,,,4480.35,
PUTNAM INVESTMENT S.A.C.,2043185845,HOMBRE,ROPA INTERIOR HOMBRE,22/12/2021,2477614,JOCKEY,PQ,TERCERAS,CD Villa El Salvador,FLT,0.17,0.00,,274,,,6168.84,,,47.51,,
PUTNAM INVESTMENT S.A.C.,2043185845,HOMBRE,ROPA INTERIOR HOMBRE,22/12/2021,2477614,JOCKEY,FLT,TERCERAS,CD Villa El Salvador,FLT,0.22,0.00,,128,,,4089.58,,,28.63,,
SAMITEX SA,2034851182,HOMBRE,ROPA INTERIOR HOMBRE,22/12/2021,2477875,JOHN HOLDEN,FLT,TERCERAS,CD Villa El Salvador,FLT,0.22,0.00,,667,,,28283.82,,,149.17,,
SAMITEX SA,2034851182,HOMBRE,MARCAS CASUAL NACIONAL HOMBRE,23/12/2021,2479103,JOHN HOLDEN,RTW,TERCERAS,CD Villa El Salvador,RTW,0.54,0.00,,423,,,26967.39,,,227.04,,
SAMITEX SA,2034851182,HOMBRE,MARCAS CASUAL NACIONAL HOMBRE,23/12/2021,2479103,JOHN HOLDEN,FLT,TERCERAS,CD Villa El Salvador,FLT,0.22,0.00,,1692,,,97336.99,,,378.40,,
LS BATWING PERU S.R.L.,2060521403,HOMBRE,MARCAS JUVENIL NACIONAL HOMBRE,27/12/2021,2479308,LEVI'S,FLT,TERCERAS,CD Villa El Salvador,FLT,0.22,0.00,,403,,,35140.2,,,90.13,,
LS BATWING PERU S.R.L.,2060521403,HOMBRE,MARCAS CASUAL NACIONAL HOMBRE,27/12/2021,2477916,DOCKERS,FLT,TERCERAS,CD Villa El Salvador,FLT,0.00,0.93,,,281,,,20241.29,,,260.80,
LS BATWING PERU S.R.L.,2060521403,HOMBRE,MARCAS CASUAL NACIONAL HOMBRE,27/12/2021,2477917,DOCKERS,FLT,TERCERAS,CD Villa El Salvador,FLT,0.22,0.00,,4865,,,379755.82,,,1088.01,,
LS BATWING PERU S.R.L.,2060521403,MUJER,MARCAS JUVENIL NACIONAL MUJER,21/12/2021,2477039,LEVI'S,FLT,TERCERAS,CD Villa El Salvador,FLT,0.22,0.00,,1607,,,128657.05,,,359.39,,
OXFORD S.A.- SUCURSAL PERU,2050503968,DEPORTES,BICICLETAS Y MAQUINAS,27/12/2021,2479234,OXFORD,BT - OTROS,TERCERAS,CD ALDEA6,BT,0.00,44.45,,,35,,,75722.17,,,1555.75,
OXFORD S.A.- SUCURSAL PERU,2050503968,DEPORTES,BICICLETAS Y MAQUINAS,27/12/2021,2479234,SOLE,BT - OTROS,TERCERAS,CD ALDEA6,BT,0.00,44.45,,,6,,,23132.28,,,266.70,
OLA Y MONTAÑA S.A.C.,2052067367,HOMBRE,MARCAS JUVENIL NACIONAL HOMBRE,21/12/2021,2476642,FOX,PQ,TERCERAS,CD Villa El Salvador,FLT,0.17,0.00,,2751,,,152042.46,,,477.02,,
OLA Y MONTAÑA S.A.C.,2052067367,HOMBRE,MARCAS JUVENIL NACIONAL HOMBRE,21/12/2021,2476649,FOX,FLT,TERCERAS,CD Villa El Salvador,FLT,0.22,0.00,,496,,,50479.47,,,110.93,,
OLA Y MONTAÑA S.A.C.,2052067367,HOMBRE,MARCAS JUVENIL NACIONAL HOMBRE,22/12/2021,2477159,QUIKSILVER,PQ,TERCERAS,CD Villa El Salvador,BT,0.17,0.00,,99,,,3166.02,,,17.17,,
OLA Y MONTAÑA S.A.C.,2052067367,HOMBRE,MARCAS JUVENIL NACIONAL HOMBRE,22/12/2021,2477159,QUIKSILVER,PQ,TERCERAS,CD Villa El Salvador,FLT,0.17,0.00,,477,,,21626.2,,,82.71,,
OLA Y MONTAÑA S.A.C.,2052067367,HOMBRE,MARCAS JUVENIL NACIONAL HOMBRE,22/12/2021,2477159,QUIKSILVER,FLT,TERCERAS,CD Villa El Salvador,FLT,0.22,0.00,,3856,,,293921.6,,,862.35,,
OLA Y MONTAÑA S.A.C.,2052067367,HOMBRE,MARCAS JUVENIL NACIONAL HOMBRE,22/12/2021,2477158,QUIKSILVER,FLT,TERCERAS,CD Villa El Salvador,FLT,0.00,0.93,,,67,,,6606.11,,,62.18,
OLA Y MONTAÑA S.A.C.,2052067367,MUJER,MARCAS JUVENIL NACIONAL MUJER,23/12/2021,2477524,CHAMPION,FLT,TERCERAS,CD Villa El Salvador,FLT,0.22,0.00,,1198,,,58035.52,,,267.92,,
OLA Y MONTAÑA S.A.C.,2052067367,MUJER,MARCAS JUVENIL NACIONAL MUJER,23/12/2021,2477523,CHAMPION,FLT,TERCERAS,CD Villa El Salvador,FLT,0.00,0.93,,,52,,,2573.11,,,48.26,
SMART BRANDS S.A.C.,2056320709,MUJER,MARCAS JUVENIL NACIONAL MUJER,23/12/2021,2477543,EXIT,FLT,TERCERAS,CD Villa El Salvador,FLT,0.00,0.93,,,186,,,15186.89,,,172.63,
SMART BRANDS S.A.C.,2056320709,MUJER,MARCAS JUVENIL NACIONAL MUJER,23/12/2021,2477544,EXIT,FLT,TERCERAS,CD Villa El Salvador,FLT,0.22,0.00,,359,,,30661.68,,,80.29,,
SMART BRANDS S.A.C.,2056320709,MUJER,MARCAS JUVENIL NACIONAL MUJER,29/12/2021,2480237,EXIT,FLT,TERCERAS,CD Villa El Salvador,FLT,0.22,0.00,,160,,,13623.46,,,35.78,,
SMART BRANDS S.A.C.,2056320709,MUJER,MARCAS JUVENIL NACIONAL MUJER,29/12/2021,2480236,EXIT,FLT,TERCERAS,CD Villa El Salvador,FLT,0.00,0.93,,,87,,,7022.74,,,80.75,
SMART BRANDS S.A.C.,2056320709,MUJER,MARCAS JUVENIL NACIONAL MUJER,27/12/2021,2479204,EXIT,FLT,TERCERAS,CD Villa El Salvador,FLT,0.00,0.93,,,63,,,5633.7,,,58.47,
SMART BRANDS S.A.C.,2056320709,MUJER,MARCAS JUVENIL NACIONAL MUJER,27/12/2021,2479205,EXIT,FLT,TERCERAS,CD Villa El Salvador,FLT,0.22,0.00,,173,,,15758.58,,,38.69,,
SMART BRANDS S.A.C.,2056320709,MUJER,MARCAS FORMAL NACIONAL MUJER,29/12/2021,2479907,MENTHA Y CHOCOLATE,FLT,TERCERAS,CD Villa El Salvador,FLT,0.00,0.93,,,180,,,18012.7,,,167.06,
SMART BRANDS S.A.C.,2056320709,MUJER,MARCAS FORMAL NACIONAL MUJER,27/12/2021,2478141,MENTHA Y CHOCOLATE,FLT,TERCERAS,CD Villa El Salvador,FLT,0.00,0.93,,,86,,,8028.17,,,79.82,
ROSEN PERU S.A.,2025888642,DECOHOGAR,DORMITORIO,21/12/2021,2476586,ROSEN,SB,TERCERAS,CD Villa El Salvador,SB,0.49,0.00,,352,,,44982.49,,,173.93,,
ROSEN PERU S.A.,2025888642,DECOHOGAR,DORMITORIO,21/12/2021,2476586,ROSEN,SBN,TERCERAS,CD Villa El Salvador,SBN,0.43,0.00,,25,,,3181.07,,,10.73,,
ROSEN PERU S.A.,2025888642,DECOHOGAR,DORMITORIO,22/12/2021,2475777,ROSEN,BT - OTROS,TERCERAS,CD ALDEA6,BT,5.85,0.00,,78,,,113964.19,,,456.30,,
ROSEN PERU S.A.,2025888642,DECOHOGAR,DORMITORIO,22/12/2021,2476743,ROSEN,BT - OTROS,TERCERAS,CD ALDEA6,BT,0.00,44.45,,,15,,,29506.65,,,666.75,
ROSEN PERU S.A.,2025888642,DECOHOGAR,DORMITORIO,29/12/2021,2479062,ROSEN,SB,TERCERAS,CD Villa El Salvador,SB,0.49,0.00,,212,,,26859.72,,,104.76,,
ROSEN PERU S.A.,2025888642,DECOHOGAR,DORMITORIO,29/12/2021,2479062,ROSEN,SBN,TERCERAS,CD Villa El Salvador,SBN,0.43,0.00,,21,,,2103.11,,,9.01,,
ROSEN PERU S.A.,2025888642,DECOHOGAR,DORMITORIO,29/12/2021,2479484,ROSEN,BT - OTROS,TERCERAS,CD ALDEA6,BT,5.85,0.00,,6,,,5350.1,,,35.10,,
IMPORTADORA Y DISTRIBUIDORA MACROTE,2054628897,ELECTROHOGAR,ELECTRODOMESTICOS,29/12/2021,2480173,CUISINART,SB,TERCERAS,CD Villa El Salvador,SB,0.00,1.58,,,20,,,4733.8,,,31.61,
KS DEPOR S.A.,2053214541,DEPORTES,TEXTIL TERCEROS DEPORTES,29/12/2021,2479096,UMBRO,FLT,TERCERAS,CD Villa El Salvador,FLT,0.22,0.00,,2618,,,122664.84,,,585.49,,
KS DEPOR S.A.,2053214541,DEPORTES,TEXTIL TERCEROS DEPORTES,29/12/2021,2479097,UMBRO,PQ,TERCERAS,CD Villa El Salvador,SB,0.17,0.00,,48,,,1708.32,,,8.32,,
KS DEPOR S.A.,2053214541,DEPORTES,TEXTIL TERCEROS DEPORTES,29/12/2021,2479097,UMBRO,PQ,TERCERAS,CD Villa El Salvador,FLT,0.17,0.00,,2549,,,67973.75,,,442.00,,
KS DEPOR S.A.,2053214541,DEPORTES,TEXTIL TERCEROS DEPORTES,27/12/2021,2479099,UMBRO,FLT,TERCERAS,CD Villa El Salvador,FLT,0.00,0.93,,,120,,,7626.24,,,111.37,
KS DEPOR S.A.,2053214541,DEPORTES,ZAPATILLAS TERCERO,29/12/2021,2479555,UMBRO,SHO,TERCERAS,CD Villa El Salvador,SHO,0.34,0.00,,2048,,,150072.6,,,687.02,,
KS DEPOR S.A.,2053214541,INFANTIL,MARCAS NACIONAL NINA,28/12/2021,2477402,UMBRO,FLT,TERCERAS,CD Villa El Salvador,FLT,0.00,0.93,,,150,,,3495,,,139.22,
KS DEPOR S.A.,2053214541,INFANTIL,MARCAS NACIONAL NINA,28/12/2021,2477403,UMBRO,FLT,TERCERAS,CD Villa El Salvador,FLT,0.22,0.00,,420,,,9786,,,93.93,,
KS DEPOR S.A.,2053214541,INFANTIL,MARCAS NACIONAL NINO,28/12/2021,2477408,UMBRO,FLT,TERCERAS,CD Villa El Salvador,FLT,0.22,0.00,,920,,,21436,,,205.75,,
KS DEPOR S.A.,2053214541,INFANTIL,MARCAS NACIONAL NINO,28/12/2021,2477407,UMBRO,FLT,TERCERAS,CD Villa El Salvador,FLT,0.00,0.93,,,340,,,7922,,,315.56,
KS DEPOR S.A.,2053214541,CALZADO,TERCERA CALZADO JUVENIL URBANO,22/12/2021,2475902,CONVERSE,SHO,TERCERAS,CD Villa El Salvador,SHO,0.34,0.00,,384,,,44073.84,,,128.82,,
KS DEPOR S.A.,2053214541,CALZADO,TERCERA CALZADO JUVENIL URBANO,22/12/2021,2475901,CONVERSE,SHO,TERCERAS,CD Villa El Salvador,SHO,0.00,1.48,,,120,,,13848,,,177.12,
KS DEPOR S.A.,2053214541,CALZADO,TERCERA CALZADO JUVENIL URBANO,28/12/2021,2475906,CONVERSE,SHO,TERCERAS,CD Villa El Salvador,SHO,0.00,1.48,,,48,,,5059.68,,,70.85,
KS DEPOR S.A.,2053214541,CALZADO,TERCERA CALZADO JUVENIL URBANO,28/12/2021,2475907,CONVERSE,SHO,TERCERAS,CD Villa El Salvador,SHO,0.34,0.00,,360,,,37947.6,,,120.77,,
KS DEPOR S.A.,2053214541,CALZADO,TERCERA CALZADO MUJER URBANO,22/12/2021,2475879,CONVERSE,SHO,TERCERAS,CD Villa El Salvador,SHO,0.34,0.00,,5048,,,892647.95,,,1693.40,,
KS DEPOR S.A.,2053214541,CALZADO,TERCERA CALZADO MUJER URBANO,22/12/2021,2475878,CONVERSE,SHO,TERCERAS,CD Villa El Salvador,SHO,0.00,1.48,,,728,,,133518.64,,,1074.54,
KS DEPOR S.A.,2053214541,CALZADO,TERCERA CALZADO HOMBRE URBANO,22/12/2021,2475886,CONVERSE,SHO,TERCERAS,CD Villa El Salvador,SHO,0.34,0.00,,1499,,,228753.78,,,502.85,,
KS DEPOR S.A.,2053214541,CALZADO,TERCERA CALZADO HOMBRE URBANO,22/12/2021,2475885,CONVERSE,SHO,TERCERAS,CD Villa El Salvador,SHO,0.00,1.48,,,147,,,31854.03,,,216.98,
KS DEPOR S.A.,2053214541,CALZADO,TERCERA CALZADO HOMBRE URBANO,27/12/2021,2478093,UMBRO,SHO,TERCERAS,CD Villa El Salvador,SHO,0.34,0.00,,192,,,6823.68,,,64.41,,
KS DEPOR S.A.,2053214541,CALZADO,TERCERA CALZADO HOMBRE URBANO,27/12/2021,2478080,UMBRO,SHO,TERCERAS,CD Villa El Salvador,SHO,0.00,1.48,,,144,,,14514.24,,,212.55,
KS DEPOR S.A.,2053214541,CALZADO,TERCERA CALZADO HOMBRE URBANO,27/12/2021,2478092,UMBRO,SHO,TERCERAS,CD Villa El Salvador,SHO,0.00,1.48,,,70,,,2487.8,,,103.32,
KS DEPOR S.A.,2053214541,CALZADO,TERCERA CALZADO HOMBRE URBANO,27/12/2021,2478081,UMBRO,SHO,TERCERAS,CD Villa El Salvador,SHO,0.34,0.00,,455,,,45880.44,,,152.63,,
KS DEPOR S.A.,2053214541,CALZADO,TERCERA CALZADO HOMBRE URBANO,28/12/2021,2475884,CONVERSE,SHO,TERCERAS,CD Villa El Salvador,SHO,0.34,0.00,,108,,,21576.24,,,36.23,,
KS DEPOR S.A.,2053214541,CALZADO,TERCERA CALZADO HOMBRE URBANO,28/12/2021,2475883,CONVERSE,SHO,TERCERAS,CD Villa El Salvador,SHO,0.00,1.48,,,24,,,4794.72,,,35.42,
BSH ELECTRODOMESTICOS SAC,2033044437,ELECTROHOGAR,LINEA BLANCA,29/12/2021,2475019,BOSCH,BT - OTROS,TERCERAS,CD ALDEA6,BT,0.00,27.67,,,356,,,440392.66,,,9848.92,
BSH ELECTRODOMESTICOS SAC,2033044437,ELECTROHOGAR,LINEA BLANCA,29/12/2021,2475019,COLDEX,BT - OTROS,TERCERAS,CD ALDEA6,BT,0.00,24.42,,,98,,,107025.02,,,2393.50,
BSH ELECTRODOMESTICOS SAC,2033044437,ELECTROHOGAR,ELECTRODOMESTICOS,29/12/2021,2479567,BOSCH,SB,TERCERAS,CD Villa El Salvador,SB,0.00,2.63,,,25,,,3526.25,,,65.79,
BSH ELECTRODOMESTICOS SAC,2033044437,ELECTROHOGAR,ELECTRODOMESTICOS,29/12/2021,2479567,BOSCH,SBN,TERCERAS,CD Villa El Salvador,SBN,0.00,3.46,,,94,,,17420.96,,,325.04,
BSH ELECTRODOMESTICOS SAC,2033044437,ELECTROHOGAR,ELECTRODOMESTICOS,29/12/2021,2479568,BOSCH,SBN,TERCERAS,CD Villa El Salvador,SBN,1.56,0.00,,31,,,2585.09,,,48.23,,
SAMSONITE PERU S.A.C.,2055193835,ACCESORIOS,ACCESORIOS TERCERAS,27/12/2021,2479419,SECRET,SB,TERCERAS,CD Villa El Salvador,SB,0.49,0.00,,530,,,41162.16,,,261.89,,
REPRIND S.A.C.,2010230918,MUJER,MARCAS CORSETERIA NACIONAL,23/12/2021,2476760,KOKETA,PQ,TERCERAS,CD Villa El Salvador,FLT,0.17,0.00,,3539,,,45673.1,,,613.66,,
REPRIND S.A.C.,2010230918,MUJER,MARCAS CORSETERIA NACIONAL,23/12/2021,2476760,KOKETA,FLT,TERCERAS,CD Villa El Salvador,FLT,0.22,0.00,,130,,,4854.34,,,29.07,,
EMPRESA DE SERVICIOS BUENA COSTURA,2060205570,MUJER,MARCAS JUVENIL NACIONAL MUJER,23/12/2021,2478356,METAL JEANS,FLT,TERCERAS,CD Villa El Salvador,FLT,0.22,0.00,,1570,,,62186.4,,,351.11,,
DISTRIBUIDORA DEPORTIVA PUMA S.A.C.,2051055659,DEPORTES,TEXTIL TERCEROS DEPORTES,21/12/2021,2475835,PUMA,PQ,TERCERAS,CD Villa El Salvador,RTW,0.00,0.17,,,28,,,1092.42,,,4.86,
DISTRIBUIDORA DEPORTIVA PUMA S.A.C.,2051055659,DEPORTES,TEXTIL TERCEROS DEPORTES,21/12/2021,2475835,PUMA,PQ,TERCERAS,CD Villa El Salvador,FLT,0.00,0.17,,,10,,,357.3,,,1.73,
DISTRIBUIDORA DEPORTIVA PUMA S.A.C.,2051055659,DEPORTES,TEXTIL TERCEROS DEPORTES,22/12/2021,2477082,PUMA,PQ,TERCERAS,CD Villa El Salvador,FLT,0.17,0.00,,2840,,,39144.5,,,492.46,,
DISTRIBUIDORA DEPORTIVA PUMA S.A.C.,2051055659,DEPORTES,TEXTIL TERCEROS DEPORTES,22/12/2021,2477071,PUMA,PQ,TERCERAS,CD Villa El Salvador,FLT,0.17,0.00,,6229,,,88777,,,1080.11,,
DISTRIBUIDORA DEPORTIVA PUMA S.A.C.,2051055659,DEPORTES,TEXTIL TERCEROS DEPORTES,22/12/2021,2475846,PUMA,PQ,TERCERAS,CD Villa El Salvador,FLT,0.17,0.00,,367,,,5296.3,,,63.64,,
DISTRIBUIDORA DEPORTIVA PUMA S.A.C.,2051055659,DEPORTES,TEXTIL TERCEROS DEPORTES,22/12/2021,2475838,PUMA,PQ,TERCERAS,CD Villa El Salvador,RTW,0.17,0.00,,345,,,13170,,,59.82,,
DISTRIBUIDORA DEPORTIVA PUMA S.A.C.,2051055659,DEPORTES,TEXTIL TERCEROS DEPORTES,22/12/2021,2475838,PUMA,PQ,TERCERAS,CD Villa El Salvador,FLT,0.17,0.00,,356,,,12719.88,,,61.73,,
DISTRIBUIDORA DEPORTIVA PUMA S.A.C.,2051055659,DEPORTES,TEXTIL TERCEROS DEPORTES,23/12/2021,2475845,PUMA,PQ,TERCERAS,CD Villa El Salvador,FLT,0.00,0.17,,,374,,,6199.4,,,64.85,
DISTRIBUIDORA DEPORTIVA PUMA S.A.C.,2051055659,DEPORTES,ZAPATILLAS TERCERO,21/12/2021,2475836,PUMA,SHO,TERCERAS,CD Villa El Salvador,SHO,0.00,1.48,,,48,,,5685.12,,,70.85,
DISTRIBUIDORA DEPORTIVA PUMA S.A.C.,2051055659,DEPORTES,ZAPATILLAS TERCERO,21/12/2021,2475843,PUMA,SHO,TERCERAS,CD Villa El Salvador,SHO,0.00,1.48,,,72,,,9268.8,,,106.27,
DISTRIBUIDORA DEPORTIVA PUMA S.A.C.,2051055659,DEPORTES,ZAPATILLAS TERCERO,21/12/2021,2475837,PUMA,SHO,TERCERAS,CD Villa El Salvador,SHO,0.34,0.00,,2004,,,205899,,,672.26,,
SRDD GRUPO CREATIVO SAC,2054576650,MUJER,BARBADOS MUJER,23/12/2021,2456780,BARBADOS,FLT,PROPIAS,CD Villa El Salvador,FLT,0.22,0.00,,108,,,2065.32,,,24.15,,
INTCOMEX PERU S.A.C,2025450787,ELECTROHOGAR,ELECTRONICA MENOR,22/12/2021,2477920,JBL,J&C,TERCERAS,CD Villa El Salvador,J&C,0.00,2.77,,,586,,,92137.58,,,1625.05,
GRUPO AXIS S.A.,2050170918,MUJER,MARCAS CORSETERIA NACIONAL,23/12/2021,2476773,CAFFARENA,PQ,TERCERAS,CD Villa El Salvador,RTW,0.17,0.00,,67,,,3075.8,,,11.62,,
GRUPO AXIS S.A.,2050170918,MUJER,MARCAS CORSETERIA NACIONAL,23/12/2021,2476773,CAFFARENA,PQ,TERCERAS,CD Villa El Salvador,SB,0.17,0.00,,267,,,7080.99,,,46.30,,
GRUPO AXIS S.A.,2050170918,MUJER,MARCAS CORSETERIA NACIONAL,23/12/2021,2476773,CAFFARENA,PQ,TERCERAS,CD Villa El Salvador,FLT,0.17,0.00,,1843,,,65346.23,,,319.58,,
GRUPO AXIS S.A.,2050170918,MUJER,MARCAS CORSETERIA NACIONAL,23/12/2021,2479267,CAFFARENA,PQ,TERCERAS,CD Villa El Salvador,FLT,0.17,0.00,,474,,,5901.3,,,82.19,,
GRUPO AXIS S.A.,2050170918,MUJER,MARCAS CORSETERIA NACIONAL,28/12/2021,2477829,CAFFARENA,PQ,TERCERAS,CD Villa El Salvador,FLT,0.17,0.00,,1316,,,12306.21,,,228.19,,
GRUPO AXIS S.A.,2050170918,MUJER,MARCAS CORSETERIA NACIONAL,28/12/2021,2477829,CAFFARENA,FLT,TERCERAS,CD Villa El Salvador,FLT,0.22,0.00,,191,,,4041.54,,,42.72,,
COMPAÑIA E INVERSIONES FORLI S.A.C.,2051110820,DECOHOGAR,DORMITORIO,22/12/2021,2477178,RIZZOLI,BT - OTROS,PROPIAS,CD ALDEA6,BT,5.85,0.00,,8,,,6859.32,,,46.80,,
COMPAÑIA E INVERSIONES FORLI S.A.C.,2051110820,DECOHOGAR,DORMITORIO,22/12/2021,2477178,FORLI,BT - OTROS,TERCERAS,CD ALDEA6,BT,5.85,0.00,,17,,,17358.24,,,99.45,,
COMPAÑIA E INVERSIONES FORLI S.A.C.,2051110820,DECOHOGAR,DORMITORIO,27/12/2021,2479235,FORLI,BT - OTROS,TERCERAS,CD ALDEA6,BT,5.85,0.00,,4,,,2519.32,,,23.40,,
CIA INDUSTRIAL CONTINENTAL SRL,2010130867,DECOHOGAR,DORMITORIO,23/12/2021,2476584,DRIMER,SB,TERCERAS,CD Villa El Salvador,SB,0.49,0.00,,323,,,12242.6,,,159.60,,
CIA INDUSTRIAL CONTINENTAL SRL,2010130867,DECOHOGAR,DORMITORIO,23/12/2021,2476585,SERTA,SB,TERCERAS,CD Villa El Salvador,SB,0.49,0.00,,6,,,405.2,,,2.96,,
CIA INDUSTRIAL CONTINENTAL SRL,2010130867,DECOHOGAR,CAMA,23/12/2021,2476589,DISNEY,SB,TERCERAS,CD Villa El Salvador,SB,0.49,0.00,,24,,,2157.6,,,11.86,,
CIA INDUSTRIAL CONTINENTAL SRL,2010130867,DECOHOGAR,CAMA,23/12/2021,2477548,RIPLEY HOME,SB,PROPIAS,CD Villa El Salvador,SB,0.49,0.00,,1568,,,24304,,,774.80,,
CATALOGO SAC,2050790711,MUJER,MARCAS LENCERIA NACIONAL,22/12/2021,2479146,IN BLOOM,RTW,TERCERAS,CD Villa El Salvador,RTW,0.54,0.00,,293,,,17752.13,,,157.26,,
CONSORCIO SUR ANDINO S.A.C.,2051934245,DEPORTES,TIEMPO LIBRE,29/12/2021,2478503,NATIONAL GEOGRAPHIC CAMPING COLLECTION,SB,TERCERAS,CD Villa El Salvador,SB,0.49,0.00,,628,,,28830.38,,,310.31,,
CONSORCIO SUR ANDINO S.A.C.,2051934245,DEPORTES,TIEMPO LIBRE,29/12/2021,2478503,NATIONAL GEOGRAPHIC CAMPING COLLECTION,PQ,TERCERAS,CD Villa El Salvador,SB,0.17,0.00,,90,,,8049.96,,,15.61,,
CONSORCIO SUR ANDINO S.A.C.,2051934245,DEPORTES,TIEMPO LIBRE,29/12/2021,2478508,NATIONAL GEOGRAPHIC CAMPING COLLECTION,SB,TERCERAS,CD Villa El Salvador,SB,0.49,0.00,,231,,,23598.38,,,114.14,,
CONSORCIO SUR ANDINO S.A.C.,2051934245,DEPORTES,TIEMPO LIBRE,29/12/2021,2478508,NATIONAL GEOGRAPHIC CAMPING COLLECTION,PQ,TERCERAS,CD Villa El Salvador,SB,0.17,0.00,,36,,,1645.56,,,6.24,,
CONSORCIO SUR ANDINO S.A.C.,2051934245,DEPORTES,TIEMPO LIBRE,29/12/2021,2478502,NATIONAL GEOGRAPHIC CAMPING COLLECTION,SB,TERCERAS,CD Villa El Salvador,SB,0.00,1.58,,,187,,,17091.51,,,295.60,
CONSORCIO SUR ANDINO S.A.C.,2051934245,DEPORTES,TIEMPO LIBRE,29/12/2021,2478502,NATIONAL GEOGRAPHIC CAMPING COLLECTION,PQ,TERCERAS,CD Villa El Salvador,SB,0.00,0.17,,,44,,,2763.8,,,7.63,
MONARK PERU S A,2010000475,DEPORTES,BICICLETAS Y MAQUINAS,22/12/2021,2475921,MONARK,BT - OTROS,TERCERAS,CD ALDEA6,BT,0.00,12.12,,,126,,,61360,,,1526.49,
MONARK PERU S A,2010000475,DEPORTES,BICICLETAS Y MAQUINAS,22/12/2021,2475921,MONARETTE,BT - OTROS,TERCERAS,CD ALDEA6,BT,0.00,8.49,,,18,,,6142,,,152.80,
MONARK PERU S A,2010000475,DEPORTES,BICICLETAS Y MAQUINAS,29/12/2021,2479238,MONARK,BT - OTROS,TERCERAS,CD ALDEA6,BT,0.00,33.77,,,185,,,251125,,,6247.40,
WINIADAEWOO ELECTRONICS PERU S.A.C.,2050686647,ELECTROHOGAR,LINEA BLANCA,27/12/2021,2471836,WINIA,BT - OTROS,TERCERAS,CD ALDEA6,BT,0.00,32.03,,,200,,,229184,,,6406.82,
WINIADAEWOO ELECTRONICS PERU S.A.C.,2050686647,ELECTROHOGAR,ELECTRODOMESTICOS,23/12/2021,2466670,WINIA,SB,TERCERAS,CD Villa El Salvador,SB,0.00,2.65,,,10,,,3552.2,,,26.51,
ELECTROLUX DEL PERU S.A.,2010007330,ELECTROHOGAR,LINEA BLANCA,27/12/2021,2476693,ELECTROLUX,BT - OTROS,TERCERAS,CD ALDEA6,BT,0.00,19.38,,,960,,,678874.31,,,18601.16,
ELECTROLUX DEL PERU S.A.,2010007330,ELECTROHOGAR,ELECTRODOMESTICOS,27/12/2021,2478088,ELECTROLUX,SB,TERCERAS,CD Villa El Salvador,SB,3.27,0.00,,36,,,4292,,,117.60,,
ELECTROLUX DEL PERU S.A.,2010007330,ELECTROHOGAR,ELECTRODOMESTICOS,27/12/2021,2478087,ELECTROLUX,SB,TERCERAS,CD Villa El Salvador,SB,0.00,3.42,,,94,,,11743.4,,,321.77,
BLESSING TEX E.I.R.L.,2055559643,INFANTIL,PROPIAS NINA,22/12/2021,2469903,INDEX,FLT,PROPIAS,CD Villa El Salvador,FLT,0.00,0.93,,,670,,,18090,,,621.83,
BLESSING TEX E.I.R.L.,2055559643,INFANTIL,PROPIAS NINA,22/12/2021,2469904,INDEX,FLT,PROPIAS,CD Villa El Salvador,FLT,0.22,0.00,,471,,,12717,,,105.33,,
BLESSING TEX E.I.R.L.,2055559643,INFANTIL,PROPIAS BEBE NINO,21/12/2021,2477325,BABY HARVEST,FLT,PROPIAS,CD Villa El Salvador,FLT,0.00,0.93,,,3755,,,61756,,,3485.03,
BLESSING TEX E.I.R.L.,2055559643,INFANTIL,PROPIAS BEBE NINO,21/12/2021,2477271,BABY HARVEST,FLT,PROPIAS,CD Villa El Salvador,FLT,0.00,0.93,,,674,,,5729,,,625.54,
BLESSING TEX E.I.R.L.,2055559643,INFANTIL,PROPIAS BEBE NINO,22/12/2021,2460913,BABY HARVEST,FLT,PROPIAS,CD Villa El Salvador,FLT,0.22,0.00,,50,,,340,,,11.18,,
BLESSING TEX E.I.R.L.,2055559643,INFANTIL,PROPIAS BEBE NINO,23/12/2021,2477325,BABY HARVEST,FLT,PROPIAS,CD Villa El Salvador,FLT,0.00,0.93,,,945,,,16065,,,877.06,
BLESSING TEX E.I.R.L.,2055559643,INFANTIL,PROPIAS BEBE NINO,23/12/2021,2477326,BABY HARVEST,FLT,PROPIAS,CD Villa El Salvador,FLT,0.22,0.00,,910,,,14469,,,203.51,,
BLESSING TEX E.I.R.L.,2055559643,INFANTIL,PROPIAS BEBE NINO,28/12/2021,2477325,BABY HARVEST,FLT,PROPIAS,CD Villa El Salvador,FLT,0.00,0.93,,,945,,,13986,,,877.06,
BLESSING TEX E.I.R.L.,2055559643,INFANTIL,PROPIAS BEBE NINA,21/12/2021,2477290,BABY HARVEST,FLT,PROPIAS,CD Villa El Salvador,FLT,0.00,0.93,,,676,,,6084,,,627.40,
MAPALSA S.A.C.,2010212707,ELECTROHOGAR,ELECTRODOMESTICOS,21/12/2021,2476045,TAURUS,SB,TERCERAS,CD Villa El Salvador,SB,0.49,0.00,,1209,,,149697.75,,,597.40,,
MAPALSA S.A.C.,2010212707,ELECTROHOGAR,ELECTRODOMESTICOS,21/12/2021,2476045,TAURUS,SBN,TERCERAS,CD Villa El Salvador,SBN,0.43,0.00,,368,,,35636.74,,,157.87,,
MAPALSA S.A.C.,2010212707,ELECTROHOGAR,ELECTRODOMESTICOS,21/12/2021,2476044,TAURUS,SB,TERCERAS,CD Villa El Salvador,SB,0.00,1.58,,,1731,,,218168.45,,,2736.27,
MAPALSA S.A.C.,2010212707,ELECTROHOGAR,ELECTRODOMESTICOS,21/12/2021,2476044,TAURUS,SBN,TERCERAS,CD Villa El Salvador,SBN,0.00,1.58,,,212,,,25345.86,,,335.12,
MABE PERU SA,2029367060,ELECTROHOGAR,LINEA BLANCA,27/12/2021,2478454,MABE,BT - OTROS,TERCERAS,CD ALDEA6,BT,0.00,39.55,,,90,,,138409,,,3559.68,
CORPORACION WOALLANCE S.A.C,2054401418,INFANTIL,MARCAS NACIONAL NINO,23/12/2021,2477222,WOALLANCE,FLT,TERCERAS,CD Villa El Salvador,FLT,0.22,0.00,,732,,,33471.6,,,163.70,,
CORPORACION WOALLANCE S.A.C,2054401418,INFANTIL,MARCAS NACIONAL NINO,23/12/2021,2477160,WOALLANCE,FLT,TERCERAS,CD Villa El Salvador,FLT,0.22,0.00,,4967,,,109174.66,,,1110.82,,
CORPORACION WOALLANCE S.A.C,2054401418,HOMBRE,MARCAS JUVENIL NACIONAL HOMBRE,21/12/2021,2477299,WOALLANCE,FLT,TERCERAS,CD Villa El Salvador,FLT,0.22,0.00,,8748,,,533365.56,,,1956.40,,
SONY PERU S.R.L.,2037270628,ELECTROHOGAR,AUDIO,23/12/2021,2475164,SONY,BT - OTROS,TERCERAS,CD Villa El Salvador,BT,0.00,44.45,,,71,,,72705.13,,,3155.95,
SONY PERU S.R.L.,2037270628,ELECTROHOGAR,AUDIO,23/12/2021,2475164,SONY,SBN,TERCERAS,CD Villa El Salvador,SBN,0.00,1.58,,,44,,,62063.18,,,69.55,
SONY PERU S.R.L.,2037270628,ELECTROHOGAR,AUDIO,23/12/2021,2475165,SONY,BT - OTROS,TERCERAS,CD Villa El Salvador,BT,5.85,0.00,,105,,,101494.99,,,614.25,,
SONY PERU S.R.L.,2037270628,ELECTROHOGAR,AUDIO,23/12/2021,2475165,SONY,SBN,TERCERAS,CD Villa El Salvador,SBN,0.43,0.00,,60,,,99366.2,,,25.74,,
SONY PERU S.R.L.,2037270628,ELECTROHOGAR,AUDIO,28/12/2021,2475164,SONY,BT - OTROS,TERCERAS,CD Villa El Salvador,BT,0.00,44.45,,,1,,,1512.02,,,44.45,
SONY PERU S.R.L.,2037270628,ELECTROHOGAR,AUDIO,28/12/2021,2475165,SONY,BT - OTROS,TERCERAS,CD Villa El Salvador,BT,5.85,0.00,,4,,,6048.08,,,23.40,,
SONY PERU S.R.L.,2037270628,ELECTROHOGAR,ELECTRONICA MENOR,21/12/2021,2476014,SONY,J&C,TERCERAS,CD Villa El Salvador,J&C,0.00,2.77,,,851,,,320103.54,,,2359.93,
SONY PERU S.R.L.,2037270628,ELECTROHOGAR,ELECTRONICA MENOR,21/12/2021,2476015,SONY,J&C,TERCERAS,CD Villa El Salvador,J&C,0.18,0.00,,373,,,66362.38,,,66.73,,
SONY PERU S.R.L.,2037270628,ELECTROHOGAR,ELECTRONICA MENOR,28/12/2021,2476014,SONY,J&C,TERCERAS,CD Villa El Salvador,J&C,0.00,2.77,,,99,,,11218.84,,,274.54,
SONY PERU S.R.L.,2037270628,ELECTROHOGAR,ELECTRONICA MENOR,28/12/2021,2476015,SONY,J&C,TERCERAS,CD Villa El Salvador,J&C,0.18,0.00,,127,,,10680.12,,,22.72,,
INNOVUS SA,2050327817,CALZADO,TERCERA CALZADO HOMBRE FORMAL,23/12/2021,2475854,DAUSS,SHO,TERCERAS,CD Villa El Salvador,SHO,0.34,0.00,,1666,,,225665,,,558.88,,
BELT'S FASHION S.A.C.,2051316835,ACCESORIOS,ACCESORIOS TERCERAS,22/12/2021,2477400,TABU,PQ,TERCERAS,CD Villa El Salvador,SB,0.17,0.00,,6850,,,108119.16,,,1187.79,,
FAJAS Y ELASTICOS TEXTILES S.A.C,2060068910,MUJER,MARCAS CORSETERIA NACIONAL,21/12/2021,2475865,JACINTA FERNANDEZ,PQ,TERCERAS,CD Villa El Salvador,FLT,0.17,0.00,,3536,,,84438.34,,,613.14,,
FAJAS Y ELASTICOS TEXTILES S.A.C,2060068910,MUJER,MARCAS CORSETERIA NACIONAL,21/12/2021,2475865,JACINTA FERNANDEZ,FLT,TERCERAS,CD Villa El Salvador,FLT,0.22,0.00,,139,,,3498.63,,,31.09,,
LEO ANDES S.A.,2030140915,MUJER,MARCAS CORSETERIA NACIONAL,22/12/2021,2475547,LEONISA,PQ,TERCERAS,CD Villa El Salvador,FLT,0.17,0.00,,1186,,,59118,,,205.65,,
LEO ANDES S.A.,2030140915,MUJER,MARCAS CORSETERIA NACIONAL,22/12/2021,2475547,LEONISA,FLT,TERCERAS,CD Villa El Salvador,FLT,0.22,0.00,,113,,,7792.15,,,25.27,,
COMERCIAL MONELY E.I.R.L.,2054539703,INFANTIL,PROPIAS NINO,22/12/2021,2477514,HARVEST,FLT,PROPIAS,CD Villa El Salvador,FLT,0.00,0.93,,,48,,,864,,,44.55,
COMERCIAL MONELY E.I.R.L.,2054539703,INFANTIL,PROPIAS NINO,22/12/2021,2478403,CLOUDBREAK,FLT,PROPIAS,CD Villa El Salvador,FLT,0.22,0.00,,2976,,,62496,,,665.55,,
COMERCIAL MONELY E.I.R.L.,2054539703,INFANTIL,PROPIAS NINO,22/12/2021,2477515,HARVEST,FLT,PROPIAS,CD Villa El Salvador,FLT,0.22,0.00,,1968,,,35424,,,440.12,,
COMERCIAL MONELY E.I.R.L.,2054539703,INFANTIL,PROPIAS NINO,22/12/2021,2478402,CLOUDBREAK,FLT,PROPIAS,CD Villa El Salvador,FLT,0.00,0.93,,,48,,,1008,,,44.55,
COMERCIAL MONELY E.I.R.L.,2054539703,MUJER,INDEX MUJER,21/12/2021,2473105,INDEX,FLT,PROPIAS,CD Villa El Salvador,FLT,0.00,0.93,,,3825,,,37485,,,3550.00,
COMERCIAL MONELY E.I.R.L.,2054539703,MUJER,INDEX MUJER,21/12/2021,2473106,INDEX,FLT,PROPIAS,CD Villa El Salvador,FLT,0.22,0.00,,6175,,,60515,,,1380.97,,
BROTHER INTERNATIONAL DEL PERU S.A.,2052057710,ELECTROHOGAR,ELECTRODOMESTICOS,21/12/2021,2477174,BROTHER,SB,TERCERAS,CD Villa El Salvador,SB,0.00,1.58,,,30,,,24387.7,,,47.42,
INTERNACIONAL DE MAQUINARIA Y COMER,2010034388,ELECTROHOGAR,LINEA BLANCA,29/12/2021,2478064,IMACO,BT - OTROS,TERCERAS,CD ALDEA6,BT,0.00,44.45,,,265,,,312746,,,11779.25,
INTERNACIONAL DE MAQUINARIA Y COMER,2010034388,ELECTROHOGAR,ELECTRODOMESTICOS,29/12/2021,2479975,IMACO,SB,TERCERAS,CD Villa El Salvador,SB,0.49,0.00,,400,,,14400,,,197.65,,
INTERNACIONAL DE MAQUINARIA Y COMER,2010034388,ELECTROHOGAR,ELECTRODOMESTICOS,29/12/2021,2480281,IMACO,SB,TERCERAS,CD Villa El Salvador,SB,0.49,0.00,,300,,,17142,,,148.24,,
SNOW BOARDING S.A.C.,2037928844,HOMBRE,MARCAS JUVENIL NACIONAL HOMBRE,21/12/2021,2475070,PARADA 111,FLT,TERCERAS,CD Villa El Salvador,FLT,0.22,0.00,,3730,,,198989.63,,,834.18,,
HP INC PERU S.R.L.,2060021651,ELECTROHOGAR,COMPUTACION,23/12/2021,2426990,HEWLETT PACKARD,SB,TERCERAS,CD Villa El Salvador,SB,0.00,1.58,,,50,,,28804,,,79.04,
HP INC PERU S.R.L.,2060021651,ELECTROHOGAR,COMPUTACION,23/12/2021,2471535,HEWLETT PACKARD,SB,TERCERAS,CD Villa El Salvador,SB,0.00,1.58,,,150,,,32307,,,237.11,
HP INC PERU S.R.L.,2060021651,ELECTROHOGAR,COMPUTACION,29/12/2021,2471535,HEWLETT PACKARD,SB,TERCERAS,CD Villa El Salvador,SB,0.00,1.58,,,93,,,59141.88,,,147.01,
ENTEL PERU S.A.,2010689791,ELECTROHOGAR,TELEFONIA MOVIL,27/12/2021,2477948,NEXTEL,J&C,TERCERAS,CD Villa El Salvador,J&C,0.00,2.77,,,2500,,,25,,,6932.82,
TEXTILES ARVAL S.A.C.,2046148215,INFANTIL,LICENCIAS NINO,21/12/2021,2475105,CLOUDBREAK,FLT,PROPIAS,CD Villa El Salvador,FLT,0.00,0.93,,,50,,,995,,,46.41,
TEXTILES ARVAL S.A.C.,2046148215,INFANTIL,LICENCIAS NINO,21/12/2021,2475106,CLOUDBREAK,FLT,PROPIAS,CD Villa El Salvador,FLT,0.22,0.00,,1500,,,29850,,,335.46,,
TEXTILES ARVAL S.A.C.,2046148215,INFANTIL,LICENCIAS NINO,21/12/2021,2475113,SPIDERMAN,FLT,TERCERAS,CD Villa El Salvador,FLT,0.22,0.00,,1840,,,34224,,,411.50,,
TEXTILES ARVAL S.A.C.,2046148215,INFANTIL,LICENCIAS NINO,21/12/2021,2475112,SPIDERMAN,FLT,TERCERAS,CD Villa El Salvador,FLT,0.00,0.93,,,40,,,744,,,37.12,
TEXTILES ARVAL S.A.C.,2046148215,HOMBRE,INDEX HOMBRE,21/12/2021,2476697,INDEX,FLT,PROPIAS,CD Villa El Salvador,FLT,0.22,0.00,,2259,,,48568.5,,,505.20,,
TEXTILES ARVAL S.A.C.,2046148215,HOMBRE,INDEX HOMBRE,21/12/2021,2476696,INDEX,FLT,PROPIAS,CD Villa El Salvador,FLT,0.00,0.93,,,602,,,12943,,,558.72,
TEXTILES ARVAL S.A.C.,2046148215,MUJER,INDEX MUJER,22/12/2021,2479144,INDEX,FLT,PROPIAS,CD Villa El Salvador,FLT,0.22,0.00,,410,,,10319.2,,,91.69,,
TEXTILES ARVAL S.A.C.,2046148215,MUJER,INDEX MUJER,22/12/2021,2479143,INDEX,FLT,PROPIAS,CD Villa El Salvador,FLT,0.00,0.93,,,100,,,2517.2,,,92.81,
TEXTILES ARVAL S.A.C.,2046148215,MUJER,MARCAS LENCERIA NACIONAL,27/12/2021,2479125,DISNEY,PQ,TERCERAS,CD Villa El Salvador,FLT,0.00,0.17,,,34,,,336.6,,,5.90,
TEXTILES ARVAL S.A.C.,2046148215,MUJER,MARCAS LENCERIA NACIONAL,27/12/2021,2479126,DISNEY,PQ,TERCERAS,CD Villa El Salvador,FLT,0.17,0.00,,1398,,,13840.2,,,242.41,,
1010 SAC,2060266409,INFANTIL,ROPA INTERIOR INFANTIL,22/12/2021,2475798,INDEX,FLT,PROPIAS,CD Villa El Salvador,FLT,0.22,0.00,,400,,,9800,,,89.46,,
1010 SAC,2060266409,INFANTIL,ROPA INTERIOR INFANTIL,22/12/2021,2475797,INDEX,FLT,PROPIAS,CD Villa El Salvador,FLT,0.00,0.93,,,3,,,73.5,,,2.78,
1010 SAC,2060266409,HOMBRE,INDEX HOMBRE,29/12/2021,2480175,INDEX,FLT,PROPIAS,CD Villa El Salvador,FLT,0.00,0.93,,,981,,,24525,,,910.47,
1010 SAC,2060266409,HOMBRE,INDEX HOMBRE,29/12/2021,2480049,INDEX,FLT,PROPIAS,CD Villa El Salvador,FLT,0.00,0.93,,,1108,,,18972.6,,,1028.34,
1010 SAC,2060266409,HOMBRE,ROPA INTERIOR HOMBRE,29/12/2021,2477535,BARBADOS,PQ,PROPIAS,CD Villa El Salvador,FLT,0.00,0.17,,,1634,,,29412,,,283.34,
1010 SAC,2060266409,HOMBRE,ROPA INTERIOR HOMBRE,28/12/2021,2477535,BARBADOS,PQ,PROPIAS,CD Villa El Salvador,FLT,0.00,0.17,,,3497,,,62946,,,606.38,
1010 SAC,2060266409,HOMBRE,KENNETH STEVENS,21/12/2021,2475800,KENNETH STEVENS,FLT,PROPIAS,CD Villa El Salvador,FLT,0.00,0.93,,,1493,,,16423,,,1385.66,
1010 SAC,2060266409,HOMBRE,KENNETH STEVENS,22/12/2021,2477532,KENNETH STEVENS,FLT,PROPIAS,CD Villa El Salvador,FLT,0.22,0.00,,5616,,,87048,,,1255.96,,
1010 SAC,2060266409,HOMBRE,KENNETH STEVENS,22/12/2021,2477531,KENNETH STEVENS,FLT,PROPIAS,CD Villa El Salvador,FLT,0.00,0.93,,,3846,,,59613,,,3569.49,
1010 SAC,2060266409,MUJER,CORSETERIA MARCA PROPIA,22/12/2021,2477027,INDEX,FLT,PROPIAS,CD Villa El Salvador,FLT,0.22,0.00,,12728,,,71276.8,,,2846.48,,
1010 SAC,2060266409,MUJER,CORSETERIA MARCA PROPIA,23/12/2021,2477101,INDEX,FLT,PROPIAS,CD Villa El Salvador,FLT,0.22,0.00,,11952,,,47808,,,2672.94,,
1010 SAC,2060266409,MUJER,CORSETERIA MARCA PROPIA,23/12/2021,2477927,INDEX,FLT,PROPIAS,CD Villa El Salvador,FLT,0.22,0.00,,4208,,,16832,,,941.07,,
1010 SAC,2060266409,MUJER,CORSETERIA MARCA PROPIA,29/12/2021,2479891,INDEX,FLT,PROPIAS,CD Villa El Salvador,FLT,0.22,0.00,,4318,,,17272,,,965.68,,
1010 SAC,2060266409,MUJER,CORSETERIA MARCA PROPIA,29/12/2021,2479894,INDEX,FLT,PROPIAS,CD Villa El Salvador,FLT,0.22,0.00,,11286,,,63201.6,,,2524.00,,
1010 SAC,2060266409,MUJER,LENCERIA MARCA PROPIA,28/12/2021,2478098,INDEX,RTW,PROPIAS,CD Villa El Salvador,RTW,0.00,2.38,,,1511,,,55907,,,3593.15,
1010 SAC,2060266409,MUJER,LENCERIA MARCA PROPIA,28/12/2021,2478099,INDEX,RTW,PROPIAS,CD Villa El Salvador,RTW,0.54,0.00,,288,,,10656,,,154.58,,
G W YICHANG & CIA S A,2010003083,DECOHOGAR,COCINA,23/12/2021,2477187,MAGEFESA,SB,TERCERAS,CD Villa El Salvador,SB,0.49,0.00,,101,,,9974.18,,,49.91,,
G W YICHANG & CIA S A,2010003083,DECOHOGAR,COCINA,23/12/2021,2477187,MAGEFESA,SBN,TERCERAS,CD Villa El Salvador,SBN,0.43,0.00,,19,,,2303.2,,,8.15,,
G W YICHANG & CIA S A,2010003083,DECOHOGAR,COCINA,23/12/2021,2477008,T-FAL,SB,TERCERAS,CD Villa El Salvador,SB,0.49,0.00,,16,,,1693.2,,,7.91,,
G W YICHANG & CIA S A,2010003083,DECOHOGAR,COCINA,23/12/2021,2477008,T-FAL,SBN,TERCERAS,CD Villa El Salvador,SBN,0.43,0.00,,47,,,4869.93,,,20.16,,
G W YICHANG & CIA S A,2010003083,DECOHOGAR,COCINA,29/12/2021,2480135,MAGEFESA,SB,TERCERAS,CD Villa El Salvador,SB,0.49,0.00,,145,,,13057.96,,,71.65,,
G W YICHANG & CIA S A,2010003083,DECOHOGAR,COCINA,29/12/2021,2480135,MAGEFESA,SBN,TERCERAS,CD Villa El Salvador,SBN,0.43,0.00,,25,,,1936.3,,,10.73,,
G W YICHANG & CIA S A,2010003083,DECOHOGAR,COCINA,29/12/2021,2480134,T-FAL,SB,TERCERAS,CD Villa El Salvador,SB,0.49,0.00,,26,,,2761.8,,,12.85,,
G W YICHANG & CIA S A,2010003083,DECOHOGAR,COCINA,29/12/2021,2480134,T-FAL,SBN,TERCERAS,CD Villa El Salvador,SBN,0.43,0.00,,29,,,3015,,,12.44,,
CREATEL TRADING S.A.C.,2055000328,HOMBRE,SURF HOMBRE,21/12/2021,2478354,BARBADOS,FLT,PROPIAS,CD Villa El Salvador,FLT,0.22,0.00,,4810,,,69960,,,1075.71,,
INVERSIONES LOS ROSALES S.A.,2037600636,ELECTROHOGAR,ELECTRODOMESTICOS,21/12/2021,2477461,THOMAS,SB,TERCERAS,CD Villa El Salvador,SB,0.49,0.00,,442,,,128000.88,,,218.41,,
INVERSIONES LOS ROSALES S.A.,2037600636,ELECTROHOGAR,ELECTRODOMESTICOS,21/12/2021,2477460,THOMAS,SB,TERCERAS,CD Villa El Salvador,SB,0.00,1.58,,,560,,,170790.32,,,885.22,
INVERSIONES LOS ROSALES S.A.,2037600636,ELECTROHOGAR,ELECTRODOMESTICOS,21/12/2021,2477460,THOMAS,SBN,TERCERAS,CD Villa El Salvador,SBN,0.00,1.58,,,20,,,2911,,,31.61,
INVERSIONES LOS ROSALES S.A.,2037600636,ELECTROHOGAR,CUIDADO PERSONAL,21/12/2021,2477462,SIEGEN,SB,TERCERAS,CD Villa El Salvador,SB,0.00,1.58,,,392,,,57888.41,,,619.65,
INVERSIONES LOS ROSALES S.A.,2037600636,ELECTROHOGAR,CUIDADO PERSONAL,21/12/2021,2477462,SIEGEN,PQ,TERCERAS,CD Villa El Salvador,SB,0.00,0.17,,,94,,,0.94,,,16.30,
INVERSIONES LOS ROSALES S.A.,2037600636,ELECTROHOGAR,CUIDADO PERSONAL,22/12/2021,2477463,SIEGEN,SB,TERCERAS,CD Villa El Salvador,SB,0.49,0.00,,679,,,112291.16,,,335.51,,
INVERSIONES LOS ROSALES S.A.,2037600636,ELECTROHOGAR,CUIDADO PERSONAL,22/12/2021,2477463,SIEGEN,PQ,TERCERAS,CD Villa El Salvador,SB,0.17,0.00,,506,,,5.06,,,87.74,,
INVERSIONES LOS ROSALES S.A.,2037600636,ELECTROHOGAR,CUIDADO PERSONAL,27/12/2021,2479633,SIEGEN,SB,TERCERAS,CD Villa El Salvador,SB,0.49,0.00,,48,,,5500.44,,,23.72,,
INVERSIONES LOS ROSALES S.A.,2037600636,ELECTROHOGAR,CUIDADO PERSONAL,27/12/2021,2479632,SIEGEN,SB,TERCERAS,CD Villa El Salvador,SB,0.00,1.58,,,256,,,32008.08,,,404.67,
CLASS COMPLEMENTS SAC,2032979068,ACCESORIOS,ACCESORIOS TERCERAS,22/12/2021,2477284,CREPIER,SBN,TERCERAS,CD Villa El Salvador,SBN,0.00,1.58,,,80,,,7169.49,,,126.46,
HELTEX S.A.,2010048923,MUJER,MARCAS FORMAL NACIONAL MUJER,29/12/2021,2480165,CP MODA DE COLECCION,RTW,TERCERAS,CD Villa El Salvador,RTW,0.00,2.38,,,77,,,6827.73,,,183.11,
HELTEX S.A.,2010048923,MUJER,MARCAS FORMAL NACIONAL MUJER,27/12/2021,2473783,CP MODA DE COLECCION,RTW,TERCERAS,CD Villa El Salvador,RTW,0.00,2.38,,,12,,,1043.16,,,28.54,
HELTEX S.A.,2010048923,MUJER,MARCAS FORMAL NACIONAL MUJER,27/12/2021,2479199,CP MODA DE COLECCION,RTW,TERCERAS,CD Villa El Salvador,RTW,0.00,2.38,,,142,,,11614.32,,,337.67,
TEXTI  COTTON    SAC,2053692451,INFANTIL,LICENCIAS NINA,22/12/2021,2477349,INDEX,FLT,PROPIAS,CD Villa El Salvador,FLT,0.00,0.93,,,90,,,1995,,,83.53,
TEXTI  COTTON    SAC,2053692451,MUJER,BARBADOS MUJER,22/12/2021,2447997,BARBADOS,FLT,PROPIAS,CD Villa El Salvador,FLT,0.22,0.00,,1295,,,24605,,,289.61,,
TEXTI  COTTON    SAC,2053692451,MUJER,BARBADOS MUJER,22/12/2021,2447996,BARBADOS,FLT,PROPIAS,CD Villa El Salvador,FLT,0.00,0.93,,,84,,,1596,,,77.96,
TEXTI  COTTON    SAC,2053692451,MUJER,INDEX MUJER,22/12/2021,2466460,INDEX,FLT,PROPIAS,CD Villa El Salvador,FLT,0.00,0.93,,,30,,,645,,,27.84,
TEXTI  COTTON    SAC,2053692451,MUJER,INDEX MUJER,22/12/2021,2466461,INDEX,FLT,PROPIAS,CD Villa El Salvador,FLT,0.22,0.00,,2334,,,50181,,,521.97,,
GRUPO DELTRON S.A.,2021233137,ELECTROHOGAR,COMPUTACION,29/12/2021,2475603,HEWLETT PACKARD,J&C,TERCERAS,CD Villa El Salvador,J&C,0.00,2.77,,,926,,,1567958.76,,,2567.92,
PRODUCTOS PARAISO DEL PERU S.A.C.,2010001439,DECOHOGAR,DORMITORIO,22/12/2021,2476718,PARAISO,BT - OTROS,TERCERAS,CD ALDEA6,BT,0.00,44.45,,,55,,,35930,,,2444.75,
PRODUCTOS PARAISO DEL PERU S.A.C.,2010001439,OTROS,PROMOCIONES MISCELANEO,22/12/2021,2468950,PARAISO,SB,TERCERAS,CD Villa El Salvador,SB,0.49,0.00,,28000,,,19140,,,13835.63,,
PRODUCTOS PARAISO DEL PERU S.A.C.,2010001439,OTROS,PROMOCIONES MISCELANEO,22/12/2021,2468958,PARAISO,SB,TERCERAS,CD Villa El Salvador,SB,0.49,0.00,,187000,,,131340,,,92402.24,,
PRODUCTOS PARAISO DEL PERU S.A.C.,2010001439,OTROS,PROMOCIONES MISCELANEO,27/12/2021,2468958,PARAISO,SB,TERCERAS,CD Villa El Salvador,SB,0.49,0.00,,436000,,,287760,,,215440.51,,
OTTO JEANS S.A.C.,2060092078,INFANTIL,PROPIAS NINA,22/12/2021,2475050,INDEX,FLT,PROPIAS,CD Villa El Salvador,FLT,0.00,0.93,,,220,,,8580,,,204.18,
OTTO JEANS S.A.C.,2060092078,INFANTIL,PROPIAS NINA,22/12/2021,2475051,INDEX,FLT,PROPIAS,CD Villa El Salvador,FLT,0.22,0.00,,1050,,,40950,,,234.82,,
INGRAM MICRO S.A.C.,2026716322,ELECTROHOGAR,COMPUTACION,23/12/2021,2478314,APPLE,J&C,TERCERAS,CD Villa El Salvador,J&C,0.00,2.77,,,285,,,1029982.99,,,790.34,
INGRAM MICRO S.A.C.,2026716322,ELECTROHOGAR,COMPUTACION,23/12/2021,2478315,APPLE,J&C,TERCERAS,CD Villa El Salvador,J&C,0.18,0.00,,57,,,171579.66,,,10.20,,
INGRAM MICRO S.A.C.,2026716322,ELECTROHOGAR,COMPUTACION,27/12/2021,2477173,LENOVO,J&C,TERCERAS,CD Villa El Salvador,J&C,0.18,0.00,,950,,,426778,,,169.97,,
INDUSTRIAS FLOMAR S.A.C,2050578755,HOMBRE,MARCAS JUVENIL NACIONAL HOMBRE,21/12/2021,2473351,KANSAS,FLT,TERCERAS,CD Villa El Salvador,FLT,0.00,0.93,,,143,,,6916.07,,,132.72,
INDUSTRIAS FLOMAR S.A.C,2050578755,HOMBRE,MARCAS JUVENIL NACIONAL HOMBRE,21/12/2021,2473352,KANSAS,FLT,TERCERAS,CD Villa El Salvador,FLT,0.22,0.00,,2628,,,127140.34,,,587.72,,
INDUSTRIAS FLOMAR S.A.C,2050578755,HOMBRE,MARCAS JUVENIL NACIONAL HOMBRE,28/12/2021,2473351,KANSAS,FLT,TERCERAS,CD Villa El Salvador,FLT,0.00,0.93,,,16,,,616.8,,,14.85,
INDUSTRIAS FLOMAR S.A.C,2050578755,HOMBRE,MARCAS JUVENIL NACIONAL HOMBRE,28/12/2021,2473352,KANSAS,FLT,TERCERAS,CD Villa El Salvador,FLT,0.22,0.00,,518,,,22426.9,,,115.85,,
INDUSTRIAS FLOMAR S.A.C,2050578755,MUJER,MARCAS JUVENIL NACIONAL MUJER,21/12/2021,2473851,KANSAS,FLT,TERCERAS,CD Villa El Salvador,FLT,0.00,0.93,,,70,,,4036.72,,,64.97,
INDUSTRIAS FLOMAR S.A.C,2050578755,MUJER,MARCAS JUVENIL NACIONAL MUJER,21/12/2021,2477603,KANSAS,FLT,TERCERAS,CD Villa El Salvador,FLT,0.00,0.93,,,65,,,2616.36,,,60.33,
INDUSTRIAS FLOMAR S.A.C,2050578755,MUJER,MARCAS JUVENIL NACIONAL MUJER,21/12/2021,2477612,KANSAS,FLT,TERCERAS,CD Villa El Salvador,FLT,0.22,0.00,,2501,,,96525.6,,,559.32,,
INDUSTRIAS FLOMAR S.A.C,2050578755,MUJER,MARCAS JUVENIL NACIONAL MUJER,22/12/2021,2473852,KANSAS,FLT,TERCERAS,CD Villa El Salvador,FLT,0.22,0.00,,3418,,,187013.08,,,764.40,,
INDUSTRIAS FLOMAR S.A.C,2050578755,MUJER,MARCAS JUVENIL NACIONAL MUJER,28/12/2021,2473852,KANSAS,FLT,TERCERAS,CD Villa El Salvador,FLT,0.22,0.00,,700,,,22841.8,,,156.55,,
INDUSTRIAS FLOMAR S.A.C,2050578755,MUJER,MARCAS JUVENIL NACIONAL MUJER,28/12/2021,2473851,KANSAS,FLT,TERCERAS,CD Villa El Salvador,FLT,0.00,0.93,,,35,,,1042.2,,,32.48,
SOLUTIONS 2 GO PERU LLC SUCURSAL D,2060040864,ELECTROHOGAR,TELEFONIA MOVIL,22/12/2021,2476035,VOLX,J&C,TERCERAS,CD Villa El Salvador,J&C,0.18,0.00,,15,,,12154.2,,,2.68,,
SOLUTIONS 2 GO PERU LLC SUCURSAL D,2060040864,ELECTROHOGAR,TELEFONIA MOVIL,22/12/2021,2476022,VOLX,J&C,TERCERAS,CD Villa El Salvador,J&C,0.18,0.00,,230,,,98626.3,,,41.15,,
SOLUTIONS 2 GO PERU LLC SUCURSAL D,2060040864,ELECTROHOGAR,TELEFONIA MOVIL,22/12/2021,2476021,VOLX,J&C,TERCERAS,CD Villa El Salvador,J&C,0.00,2.77,,,260,,,110105.8,,,721.01,
SOLUTIONS 2 GO PERU LLC SUCURSAL D,2060040864,ELECTROHOGAR,TELEFONIA MOVIL,22/12/2021,2476034,VOLX,J&C,TERCERAS,CD Villa El Salvador,J&C,0.00,2.77,,,30,,,24308.4,,,83.19,
QUE TAL COMPRA DEL PERU S.A.C.,2060184491,ELECTROHOGAR,COMPUTACION,22/12/2021,2476837,HUAWEI,J&C,TERCERAS,CD Villa El Salvador,J&C,0.00,2.77,,,48,,,100236.48,,,133.11,
QUE TAL COMPRA DEL PERU S.A.C.,2060184491,ELECTROHOGAR,COMPUTACION,23/12/2021,2476838,HUAWEI,J&C,TERCERAS,CD Villa El Salvador,J&C,0.18,0.00,,100,,,208826,,,17.89,,
QUE TAL COMPRA DEL PERU S.A.C.,2060184491,ELECTROHOGAR,COMPUTACION,27/12/2021,2473009,HUAWEI,J&C,TERCERAS,CD Villa El Salvador,J&C,0.18,0.00,,37,,,21295.35,,,6.62,,
QUE TAL COMPRA DEL PERU S.A.C.,2060184491,ELECTROHOGAR,COMPUTACION,28/12/2021,2476837,HUAWEI,J&C,TERCERAS,CD Villa El Salvador,J&C,0.00,2.77,,,2,,,4176.52,,,5.55,
QUE TAL COMPRA DEL PERU S.A.C.,2060184491,ELECTROHOGAR,TELEFONIA MOVIL,22/12/2021,2465721,HUAWEI,J&C,TERCERAS,CD Villa El Salvador,J&C,0.18,0.00,,65,,,60821.8,,,11.63,,
QUE TAL COMPRA DEL PERU S.A.C.,2060184491,ELECTROHOGAR,TELEFONIA MOVIL,23/12/2021,2479327,HUAWEI,J&C,TERCERAS,CD Villa El Salvador,J&C,0.00,2.77,,,200,,,306000,,,554.63,
QUE TAL COMPRA DEL PERU S.A.C.,2060184491,ELECTROHOGAR,TELEFONIA MOVIL,29/12/2021,2479102,HUAWEI,J&C,TERCERAS,CD Villa El Salvador,J&C,0.18,0.00,,299,,,81702.4,,,53.49,,
QUE TAL COMPRA DEL PERU S.A.C.,2060184491,ELECTROHOGAR,TELEFONIA MOVIL,29/12/2021,2479101,HUAWEI,J&C,TERCERAS,CD Villa El Salvador,J&C,0.00,2.77,,,390,,,100249.5,,,1081.52,
QUE TAL COMPRA DEL PERU S.A.C.,2060184491,ELECTROHOGAR,TELEFONIA MOVIL,27/12/2021,2465727,HUAWEI,J&C,TERCERAS,CD Villa El Salvador,J&C,0.18,0.00,,67,,,20439.69,,,11.99,,
QUE TAL COMPRA DEL PERU S.A.C.,2060184491,ELECTROHOGAR,ELECTRONICA MENOR,27/12/2021,2467589,HUAWEI,J&C,TERCERAS,CD Villa El Salvador,J&C,0.18,0.00,,17,,,7076.25,,,3.04,,
QUE TAL COMPRA DEL PERU S.A.C.,2060184491,ELECTROHOGAR,ELECTRONICA MENOR,27/12/2021,2467588,HUAWEI,J&C,TERCERAS,CD Villa El Salvador,J&C,0.00,2.77,,,8,,,3330,,,22.19,
QUE TAL COMPRA DEL PERU S.A.C.,2060184491,ELECTROHOGAR,ELECTRONICA MENOR,28/12/2021,2479597,HUAWEI,J&C,TERCERAS,CD Villa El Salvador,J&C,0.18,0.00,,175,,,50503.55,,,31.31,,
QUE TAL COMPRA DEL PERU S.A.C.,2060184491,ELECTROHOGAR,ELECTRONICA MENOR,28/12/2021,2479596,HUAWEI,J&C,TERCERAS,CD Villa El Salvador,J&C,0.00,2.77,,,120,,,32126.4,,,332.78,
M AND D FASHION S.A.C.,2054761520,MUJER,MARQUIS MUJER,21/12/2021,2473069,MARQUIS,FLT,PROPIAS,CD Villa El Salvador,FLT,0.22,0.00,,2718,,,103284,,,607.85,,
M AND D FASHION S.A.C.,2054761520,MUJER,MARQUIS MUJER,21/12/2021,2472972,MARQUIS,FLT,PROPIAS,CD Villa El Salvador,FLT,0.00,0.93,,,180,,,7200,,,167.06,
M AND D FASHION S.A.C.,2054761520,MUJER,MARQUIS MUJER,21/12/2021,2473068,MARQUIS,FLT,PROPIAS,CD Villa El Salvador,FLT,0.00,0.93,,,162,,,6156,,,150.35,
M AND D FASHION S.A.C.,2054761520,MUJER,MARQUIS MUJER,21/12/2021,2472973,MARQUIS,FLT,PROPIAS,CD Villa El Salvador,FLT,0.22,0.00,,810,,,32400,,,181.15,,
M AND D FASHION S.A.C.,2054761520,MUJER,MARQUIS MUJER,22/12/2021,2473018,MARQUIS,FLT,PROPIAS,CD Villa El Salvador,FLT,0.22,0.00,,576,,,19008,,,128.82,,
M AND D FASHION S.A.C.,2054761520,MUJER,MARQUIS MUJER,23/12/2021,2472986,MARQUIS,FLT,PROPIAS,CD Villa El Salvador,FLT,0.22,0.00,,738,,,28044,,,165.05,,
M AND D FASHION S.A.C.,2054761520,MUJER,MARQUIS MUJER,27/12/2021,2473069,MARQUIS,FLT,PROPIAS,CD Villa El Salvador,FLT,0.22,0.00,,153,,,5814,,,34.22,,
M AND D FASHION S.A.C.,2054761520,MUJER,MARQUIS MUJER,27/12/2021,2473068,MARQUIS,FLT,PROPIAS,CD Villa El Salvador,FLT,0.00,0.93,,,321,,,12198,,,297.92,
M AND D FASHION S.A.C.,2054761520,MUJER,MARQUIS MUJER,27/12/2021,2472985,MARQUIS,FLT,PROPIAS,CD Villa El Salvador,FLT,0.00,0.93,,,342,,,12996,,,317.41,
M AND D FASHION S.A.C.,2054761520,MUJER,MARQUIS MUJER,28/12/2021,2472986,MARQUIS,FLT,PROPIAS,CD Villa El Salvador,FLT,0.22,0.00,,369,,,14022,,,82.52,,
BLACK SHEEP PERU SAC,2051947851,ELECTROHOGAR,ELECTRONICA MENOR,21/12/2021,2476051,SKULL CANDY,J&C,TERCERAS,CD Villa El Salvador,J&C,0.18,0.00,,972,,,102753.67,,,173.90,,
BLACK SHEEP PERU SAC,2051947851,ELECTROHOGAR,ELECTRONICA MENOR,21/12/2021,2476049,SKULL CANDY,J&C,TERCERAS,CD Villa El Salvador,J&C,0.00,2.77,,,63,,,6998.59,,,174.71,
NESTLE PERU S.A.,2026332249,ELECTROHOGAR,ELECTRODOMESTICOS,29/12/2021,2478301,NESCAFE DOLCE GUSTO,SB,TERCERAS,CD Villa El Salvador,SB,0.49,0.00,,87,,,24279.6,,,42.99,,
NESTLE PERU S.A.,2026332249,ELECTROHOGAR,ELECTRODOMESTICOS,29/12/2021,2478300,NESCAFE DOLCE GUSTO,SB,TERCERAS,CD Villa El Salvador,SB,0.00,1.58,,,438,,,114573,,,692.37,
PANASONIC PERUANA S.A.,2010016584,ELECTROHOGAR,ELECTRODOMESTICOS,28/12/2021,2479734,PANASONIC,SB,TERCERAS,CD Villa El Salvador,SB,1.49,0.00,,64,,,12811.52,,,95.62,,
PANASONIC PERUANA S.A.,2010016584,ELECTROHOGAR,ELECTRODOMESTICOS,28/12/2021,2479733,PANASONIC,SB,TERCERAS,CD Villa El Salvador,SB,0.00,1.49,,,136,,,27224.48,,,203.18,
COMERCIAL TBC PERU S.A.C.,2060424425,INFANTIL,LICENCIAS BEBE,23/12/2021,2476692,SNOOPY,PQ,TERCERAS,CD Villa El Salvador,FLT,0.17,0.00,,864,,,8640,,,149.82,,
COMERCIAL TBC PERU S.A.C.,2060424425,INFANTIL,LICENCIAS BEBE,23/12/2021,2476692,SNOOPY,FLT,TERCERAS,CD Villa El Salvador,FLT,0.22,0.00,,2304,,,100512,,,515.27,,
COMERCIAL TBC PERU S.A.C.,2060424425,INFANTIL,LICENCIAS BEBE,23/12/2021,2476691,SNOOPY,PQ,TERCERAS,CD Villa El Salvador,FLT,0.00,0.17,,,54,,,540,,,9.36,
COMERCIAL TBC PERU S.A.C.,2060424425,INFANTIL,LICENCIAS BEBE,23/12/2021,2476691,SNOOPY,FLT,TERCERAS,CD Villa El Salvador,FLT,0.00,0.93,,,144,,,6282,,,133.65,
JADETEX S.A.C,2056350543,MUJER,NAVIGATA MUJER,23/12/2021,2478114,NAVIGATA,FLT,PROPIAS,CD Villa El Salvador,FLT,0.22,0.00,,588,,,20448,,,131.50,,
EPSON PERU S.A.,2039116685,ELECTROHOGAR,COMPUTACION,21/12/2021,2477032,EPSON,J&C,TERCERAS,CD Villa El Salvador,J&C,0.18,0.00,,1501,,,52580.08,,,268.55,,
EPSON PERU S.A.,2039116685,ELECTROHOGAR,COMPUTACION,23/12/2021,2477031,EPSON,SBN,TERCERAS,CD Villa El Salvador,SBN,0.00,1.58,,,200,,,123754,,,316.15,
EPSON PERU S.A.,2039116685,ELECTROHOGAR,COMPUTACION,23/12/2021,2476902,EPSON,SBN,TERCERAS,CD Villa El Salvador,SBN,0.00,1.58,,,250,,,186027.5,,,395.19,
INVERSIONES KAYSER S.A.C.,2049246552,MUJER,MARCAS CORSETERIA NACIONAL,22/12/2021,2476848,KAYSER,PQ,TERCERAS,CD Villa El Salvador,FLT,0.17,0.00,,5135,,,72687.4,,,890.41,,
INVERSIONES KAYSER S.A.C.,2049246552,MUJER,MARCAS CORSETERIA NACIONAL,22/12/2021,2476847,KAYSER,PQ,TERCERAS,CD Villa El Salvador,FLT,0.00,0.17,,,216,,,3127.21,,,37.45,
COMPAÑIA IMPORTADORA PHL S.A.C.,2053581536,ELECTROHOGAR,ELECTRODOMESTICOS,22/12/2021,2477947,IROBOT,SB,TERCERAS,CD Villa El Salvador,SB,0.00,1.58,,,15,,,20010,,,23.71,
COMPAÑIA IMPORTADORA PHL S.A.C.,2053581536,ELECTROHOGAR,ELECTRODOMESTICOS,22/12/2021,2477947,IROBOT,SBN,TERCERAS,CD Villa El Salvador,SBN,0.00,1.58,,,1,,,2542,,,1.58,
EMPRESAS COMERCIALES S.A.,2010195187,CALZADO,TERCERA CALZADO MUJER MODA,28/12/2021,2479469,NORTH STAR,SHO,TERCERAS,CD Villa El Salvador,SHO,0.00,1.48,,,249,,,16594.44,,,367.53,
EMPRESAS COMERCIALES S.A.,2010195187,CALZADO,TERCERA CALZADO JUVENIL MODA,23/12/2021,2478363,BUBBLE GUMMERS,SHO,TERCERAS,CD Villa El Salvador,SHO,0.34,0.00,,1741,,,107962.29,,,584.03,,
EMPRESAS COMERCIALES S.A.,2010195187,CALZADO,TERCERA CALZADO HOMBRE FORMAL,28/12/2021,2479471,NORTH STAR,SHO,TERCERAS,CD Villa El Salvador,SHO,0.00,1.48,,,179,,,13503.24,,,264.21,
TWM GROUP E.I.R.L.,2055438625,ELECTROHOGAR,TELEFONIA MOVIL,21/12/2021,2476031,KUZLER,PQ,TERCERAS,CD Villa El Salvador,J&C,0.00,0.17,,,223,,,10431.94,,,38.67,
COMERCIALIZADORA DE LA PLATA S.A.C.,2060097358,MUJER,MARCAS JUVENIL NACIONAL MUJER,28/12/2021,2479315,NEW ERA,PQ,TERCERAS,CD Villa El Salvador,FLT,0.17,0.00,,135,,,6918.75,,,23.41,,
CALIFORNIA DOS MIL S.A.C,2033403887,BELLEZA,PERF. SEMI-SELECTIVA,22/12/2021,2477559,OPI,J&C,TERCERAS,CD Villa El Salvador,J&C,0.18,0.00,,277,,,8604.96,,,49.56,,
ALDEA LOGISTICA GLOBAL S.A.C,2053558933,AUTOLIQUIDABLES,PROMOCIONES RETAIL,29/12/2021,2476840,RIPLEY HOME,PQ,PROPIAS,CD Villa El Salvador,SB,0.17,0.00,,1014,,,14073.9,,,175.83,,
CORPORACION INTERTEX S.A.C.,2052160316,HOMBRE,INDEX HOMBRE,23/12/2021,2473049,INDEX,FLT,PROPIAS,CD Villa El Salvador,FLT,0.00,0.93,,,322,,,7567,,,298.85,
CORPORACION INTERTEX S.A.C.,2052160316,HOMBRE,INDEX HOMBRE,23/12/2021,2473050,INDEX,FLT,PROPIAS,CD Villa El Salvador,FLT,0.22,0.00,,1278,,,30033,,,285.81,,
JAP INVESTMENTS S.A.C,2055220336,HOMBRE,ROPA INTERIOR HOMBRE,21/12/2021,2474115,BOSTON,PQ,TERCERAS,CD Villa El Salvador,FLT,0.17,0.00,,526,,,6322.52,,,91.21,,
JAP INVESTMENTS S.A.C,2055220336,HOMBRE,ROPA INTERIOR HOMBRE,21/12/2021,2474115,BOSTON,FLT,TERCERAS,CD Villa El Salvador,FLT,0.22,0.00,,1363,,,31445.63,,,304.82,,
JAP INVESTMENTS S.A.C,2055220336,HOMBRE,ROPA INTERIOR HOMBRE,21/12/2021,2474114,BOSTON,PQ,TERCERAS,CD Villa El Salvador,FLT,0.00,0.17,,,28,,,336.56,,,4.86,
JAP INVESTMENTS S.A.C,2055220336,HOMBRE,ROPA INTERIOR HOMBRE,21/12/2021,2474114,BOSTON,FLT,TERCERAS,CD Villa El Salvador,FLT,0.00,0.93,,,84,,,1892.36,,,77.96,
ULTRA BRANDS S.A.C.,2060836978,HOMBRE,MARCAS JUVENIL NACIONAL HOMBRE,27/12/2021,2479241,KAPPA,FLT,TERCERAS,CD Villa El Salvador,FLT,0.00,0.93,,,1090,,,70870.21,,,1011.63,
ULTRA BRANDS S.A.C.,2060836978,CALZADO,TERCERA CALZADO MUJER URBANO,22/12/2021,2477595,VANS,SHO,TERCERAS,CD Villa El Salvador,SHO,0.00,1.48,,,150,,,15178.5,,,221.40,
ULTRA BRANDS S.A.C.,2060836978,CALZADO,TERCERA CALZADO MUJER URBANO,22/12/2021,2477596,VANS,SHO,TERCERAS,CD Villa El Salvador,SHO,0.34,0.00,,649,,,68957.05,,,217.71,,
ULTRA BRANDS S.A.C.,2060836978,CALZADO,TERCERA CALZADO HOMBRE URBANO,22/12/2021,2477592,VANS,SHO,TERCERAS,CD Villa El Salvador,SHO,0.00,1.48,,,83,,,8398.77,,,122.51,
ULTRA BRANDS S.A.C.,2060836978,CALZADO,TERCERA CALZADO HOMBRE URBANO,22/12/2021,2477593,VANS,SHO,TERCERAS,CD Villa El Salvador,SHO,0.34,0.00,,303,,,30660.57,,,101.64,,
ANTHAIX S.A.C.,2045807410,DECOHOGAR,COCINA,29/12/2021,2480137,PYREX,SB,TERCERAS,CD Villa El Salvador,SB,0.49,0.00,,83,,,3067.3,,,41.01,,
GRUPO MOREYRA S.A.C.,2047798574,MUJER,INDEX MUJER,22/12/2021,2475613,PRAIA BRAVA,RTW,TERCERAS,CD Villa El Salvador,RTW,0.00,2.38,,,81,,,4455,,,192.62,
GRUPO MOREYRA S.A.C.,2047798574,MUJER,INDEX MUJER,22/12/2021,2475614,PRAIA BRAVA,RTW,TERCERAS,CD Villa El Salvador,RTW,0.54,0.00,,1215,,,66825,,,652.13,,
GRUPO MOREYRA S.A.C.,2047798574,MUJER,INDEX MUJER,27/12/2021,2475613,PRAIA BRAVA,RTW,TERCERAS,CD Villa El Salvador,RTW,0.00,2.38,,,45,,,2466,,,107.01,
GRUPO MOREYRA S.A.C.,2047798574,MUJER,INDEX MUJER,27/12/2021,2475614,PRAIA BRAVA,RTW,TERCERAS,CD Villa El Salvador,RTW,0.54,0.00,,675,,,36990,,,362.30,,
PERU PIMA SA.,2012274211,DECOHOGAR,CAMA,23/12/2021,2471178,PERUPIMA,SB,TERCERAS,CD Villa El Salvador,SB,0.49,0.00,,58,,,21711,,,28.66,,
PERU PIMA SA.,2012274211,DECOHOGAR,CAMA,23/12/2021,2471178,PERUPIMA,PQ,TERCERAS,CD Villa El Salvador,SB,0.17,0.00,,51,,,3060,,,8.84,,
PERU PIMA SA.,2012274211,DECOHOGAR,CAMA,23/12/2021,2471179,RIPLEY HOME,SB,PROPIAS,CD Villa El Salvador,SB,0.49,0.00,,75,,,19824,,,37.06,,
JAWBREAKER LIMITED S.A.C.,2060543395,HOMBRE,MARCAS JUVENIL NACIONAL HOMBRE,28/12/2021,2479517,VOLCOM,PQ,TERCERAS,CD Villa El Salvador,FLT,0.17,0.00,,50,,,2479.5,,,8.67,,
JAWBREAKER LIMITED S.A.C.,2060543395,HOMBRE,MARCAS JUVENIL NACIONAL HOMBRE,28/12/2021,2479517,VOLCOM,FLT,TERCERAS,CD Villa El Salvador,FLT,0.22,0.00,,96,,,8113.92,,,21.47,,
JAWBREAKER LIMITED S.A.C.,2060543395,HOMBRE,ROPA INTERIOR HOMBRE,21/12/2021,2475973,VOLCOM,PQ,TERCERAS,CD Villa El Salvador,FLT,0.17,0.00,,1890,,,76148.1,,,327.73,,
MB KNITS S.A.C,2054956185,HOMBRE,MARQUIS HOMBRE,21/12/2021,2471992,MARQUIS,FLT,PROPIAS,CD Villa El Salvador,FLT,0.22,0.00,,2711,,,28465.5,,,606.29,,
DAY OFF S.A.C.,2060087655,ELECTROHOGAR,PROMOCIONES ELECTRO,23/12/2021,2475620,RIPLEY,SB,PROPIAS,CD Villa El Salvador,SB,0.49,0.00,,2000,,,37860,,,988.26,,
PERU BRANDS S.A.C.,2052373913,ACCESORIOS,ACCESORIOS TERCERAS,22/12/2021,2478439,GUESS,SB,TERCERAS,CD Villa El Salvador,SB,0.49,0.00,,212,,,56694.78,,,104.76,,
PERU BRANDS S.A.C.,2052373913,ACCESORIOS,ACCESORIOS TERCERAS,22/12/2021,2478438,GUESS,SB,TERCERAS,CD Villa El Salvador,SB,0.00,1.58,,,78,,,20167.46,,,123.30,
D´ADRIANO SERVICE SAC.,2051637291,HOMBRE,BARBADOS HOMBRE,21/12/2021,2467217,BARBADOS,FLT,PROPIAS,CD Villa El Salvador,FLT,0.22,0.00,,420,,,8640,,,93.93,,
D´ADRIANO SERVICE SAC.,2051637291,HOMBRE,BARBADOS HOMBRE,29/12/2021,2480020,BARBADOS,FLT,PROPIAS,CD Villa El Salvador,FLT,0.00,0.93,,,1407,,,29060,,,1305.84,
